# 3ds Max Wavefront OBJ Exporter v0.97b - (c)2007 guruware
# File Created: 02.10.2017 21:30:50

mtllib rocketo.mtl

#
# object Object002
#

v  4.3882 -17.1556 -28.2119
v  1.5685 -17.7133 -28.2133
v  1.4205 -16.1844 -33.0037
v  3.9457 -15.6881 -33.0051
v  -1.7848 -17.7078 -28.2133
v  -1.6317 -16.1794 -33.0037
v  -4.6026 -17.1408 -28.2119
v  -4.1553 -15.6748 -33.0051
v  -5.1353 -16.5660 -26.9404
v  -8.2708 -15.2612 -26.9404
v  -7.3379 -13.5228 -33.1100
v  -4.5595 -14.6790 -33.1100
v  -11.0915 -13.3697 -26.9404
v  -9.8374 -11.8467 -33.1100
v  -13.4890 -10.9643 -26.9404
v  -11.9619 -9.7152 -33.1100
v  -15.3712 -8.1374 -26.9404
v  -13.6297 -7.2103 -33.1100
v  -16.6657 -4.9976 -26.9404
v  -14.7768 -4.4280 -33.1100
v  -17.2387 -4.4631 -28.2119
v  -17.7965 -1.6434 -28.2133
v  -16.2675 -1.4954 -33.0037
v  -15.7712 -4.0206 -33.0051
v  -17.7910 1.7099 -28.2133
v  -16.2625 1.5568 -33.0037
v  -17.2239 4.5278 -28.2119
v  -15.7579 4.0804 -33.0051
v  -16.6491 5.0604 -26.9404
v  -15.3443 8.1959 -26.9404
v  -13.6059 7.2630 -33.1100
v  -14.7621 4.4846 -33.1100
v  -13.4528 11.0166 -26.9404
v  -11.9298 9.7625 -33.1100
v  -11.0474 13.4141 -26.9404
v  -9.7983 11.8870 -33.1100
v  -8.2205 15.2963 -26.9404
v  -7.2934 13.5548 -33.1100
v  -5.0807 16.5908 -26.9404
v  -4.5111 14.7019 -33.1100
v  -4.5462 17.1638 -28.2119
v  -1.7265 17.7216 -28.2133
v  -1.5785 16.1926 -33.0037
v  -4.1037 15.6963 -33.0051
v  1.6268 17.7160 -28.2133
v  1.4737 16.1876 -33.0037
v  4.4446 17.1490 -28.2119
v  3.9973 15.6830 -33.0051
v  4.9773 16.5742 -26.9404
v  8.1128 15.2694 -26.9404
v  7.1799 13.5310 -33.1100
v  4.4015 14.6872 -33.1100
v  10.9335 13.3779 -26.9404
v  9.6794 11.8549 -33.1100
v  13.3310 10.9725 -26.9404
v  11.8038 9.7234 -33.1100
v  15.2131 8.1456 -26.9404
v  13.4717 7.2184 -33.1100
v  16.5076 5.0058 -26.9404
v  14.6187 4.4362 -33.1100
v  17.0807 4.4713 -28.2119
v  17.6384 1.6516 -28.2133
v  16.1095 1.5036 -33.0037
v  15.6132 4.0288 -33.0051
v  17.6329 -1.7017 -28.2133
v  16.1045 -1.5487 -33.0037
v  17.0659 -4.5196 -28.2119
v  15.5999 -4.0722 -33.0051
v  16.4911 -5.0522 -26.9404
v  15.1862 -8.1877 -26.9404
v  13.4478 -7.2548 -33.1100
v  14.6041 -4.4764 -33.1100
v  13.2948 -11.0084 -26.9404
v  11.7718 -9.7543 -33.1100
v  10.8894 -13.4059 -26.9404
v  9.6403 -11.8788 -33.1100
v  8.0625 -15.2881 -26.9404
v  7.1353 -13.5466 -33.1100
v  4.9227 -16.5825 -26.9404
v  4.3531 -14.6936 -33.1100
v  0.9046 -10.1540 -28.8017
v  1.0948 -12.1177 -22.6322
v  3.4371 -11.6558 -22.6322
v  2.8675 -9.7669 -28.8017
v  -1.0960 -10.1507 -28.8017
v  -1.2926 -12.1138 -22.6322
v  -3.0576 -9.7572 -28.8017
v  -3.6334 -11.6442 -22.6322
v  -4.9047 -8.9885 -28.8017
v  -5.8376 -10.7269 -22.6322
v  -6.5664 -7.8743 -28.8017
v  -7.8205 -9.3973 -22.6322
v  -7.9787 -6.4573 -28.8017
v  -9.5058 -7.7064 -22.6322
v  -9.0875 -4.7920 -28.8017
v  -10.8289 -5.7191 -22.6322
v  -9.8501 -2.9424 -28.8017
v  -11.7389 -3.5120 -22.6322
v  -10.2371 -0.9795 -28.8017
v  -12.2008 -1.1697 -22.6322
v  -10.2338 1.0211 -28.8017
v  -12.1969 1.2178 -22.6322
v  -9.8403 2.9827 -28.8017
v  -11.7273 3.5585 -22.6322
v  -9.0716 4.8298 -28.8017
v  -10.8101 5.7627 -22.6322
v  -7.9574 6.4915 -28.8017
v  -9.4804 7.7456 -22.6322
v  -6.5404 7.9038 -28.8017
v  -7.7895 9.4309 -22.6322
v  -4.8751 9.0126 -28.8017
v  -5.8022 10.7540 -22.6322
v  -3.0255 9.7751 -28.8017
v  -3.5951 11.6640 -22.6322
v  -1.0626 10.1622 -28.8017
v  -1.2528 12.1259 -22.6322
v  0.9380 10.1589 -28.8017
v  1.1346 12.1220 -22.6322
v  2.8996 9.7654 -28.8017
v  3.4754 11.6524 -22.6322
v  4.7467 8.9967 -28.8017
v  5.6796 10.7351 -22.6322
v  6.4083 7.8825 -28.8017
v  7.6625 9.4055 -22.6322
v  7.8207 6.4655 -28.8017
v  9.3478 7.7146 -22.6322
v  8.9295 4.8002 -28.8017
v  10.6709 5.7273 -22.6322
v  9.6920 2.9506 -28.8017
v  11.5809 3.5202 -22.6322
v  10.0791 0.9877 -28.8017
v  12.0428 1.1779 -22.6322
v  10.0758 -1.0129 -28.8017
v  12.0389 -1.2095 -22.6322
v  9.6823 -2.9745 -28.8017
v  11.5693 -3.5503 -22.6322
v  8.9136 -4.8216 -28.8017
v  10.6520 -5.7545 -22.6322
v  7.7994 -6.4833 -28.8017
v  9.3224 -7.7374 -22.6322
v  6.3824 -7.8956 -28.8017
v  7.6315 -9.4227 -22.6322
v  4.7171 -9.0044 -28.8017
v  5.6442 -10.7458 -22.6322
v  1.5907 -17.2396 -26.9404
v  1.4006 -15.2759 -33.1100
v  -1.8055 -17.2340 -26.9404
v  -1.6088 -15.2709 -33.1100
v  -17.3227 -1.6656 -26.9404
v  -15.3590 -1.4755 -33.1100
v  -17.3171 1.7306 -26.9404
v  -15.3541 1.5339 -33.1100
v  -1.7487 17.2478 -26.9404
v  -1.5586 15.2841 -33.1100
v  1.6474 17.2422 -26.9404
v  1.4508 15.2792 -33.1100
v  17.1647 1.6738 -26.9404
v  15.2010 1.4837 -33.1100
v  17.1591 -1.7224 -26.9404
v  15.1960 -1.5258 -33.1100
v  -1.5706 -16.3517 -26.0330
v  -1.7363 -18.1695 -18.7877
v  -5.2500 -17.4969 -18.7877
v  -4.7328 -15.7464 -26.0330
v  -8.5649 -16.1519 -18.7877
v  -7.7161 -14.5359 -26.0330
v  -11.5537 -14.1859 -18.7877
v  -10.4060 -12.7666 -26.0330
v  -12.6990 -10.5065 -26.0330
v  -14.1016 -11.6746 -18.7877
v  -16.1106 -8.7146 -18.7877
v  -14.5070 -7.8425 -26.0330
v  -17.5035 -5.4194 -18.7877
v  -15.7606 -4.8770 -26.0330
v  -18.2267 -1.9159 -18.7877
v  -16.4115 -1.7238 -26.0330
v  -18.2526 1.6615 -18.7877
v  -16.4348 1.4957 -26.0330
v  -17.5801 5.1751 -18.7877
v  -15.8295 4.6579 -26.0330
v  -16.2350 8.4900 -18.7877
v  -14.6190 7.6412 -26.0330
v  -14.2690 11.4789 -18.7877
v  -12.8497 10.3311 -26.0330
v  -10.5896 12.6241 -26.0330
v  -11.7578 14.0267 -18.7877
v  -8.7977 16.0357 -18.7877
v  -7.9256 14.4321 -26.0330
v  -5.5025 17.4286 -18.7877
v  -4.9601 15.6857 -26.0330
v  -1.9990 18.1518 -18.7877
v  -1.8069 16.3366 -26.0330
v  1.5783 18.1777 -18.7877
v  1.4126 16.3599 -26.0330
v  5.0920 17.5052 -18.7877
v  4.5748 15.7547 -26.0330
v  8.4069 16.1601 -18.7877
v  7.5581 14.5441 -26.0330
v  11.3957 14.1941 -18.7877
v  10.2480 12.7748 -26.0330
v  12.5410 10.5147 -26.0330
v  13.9436 11.6829 -18.7877
v  15.9526 8.7228 -18.7877
v  14.3490 7.8507 -26.0330
v  17.3454 5.4276 -18.7877
v  15.6026 4.8852 -26.0330
v  18.0687 1.9241 -18.7877
v  16.2535 1.7320 -26.0330
v  18.0946 -1.6532 -18.7877
v  16.2768 -1.4875 -26.0330
v  17.4220 -5.1669 -18.7877
v  15.6715 -4.6497 -26.0330
v  16.0769 -8.4818 -18.7877
v  14.4610 -7.6330 -26.0330
v  14.1110 -11.4706 -18.7877
v  12.6917 -10.3229 -26.0330
v  10.4316 -12.6159 -26.0330
v  11.5997 -14.0185 -18.7877
v  8.6396 -16.0275 -18.7877
v  7.7676 -14.4239 -26.0330
v  5.3445 -17.4203 -18.7877
v  4.8020 -15.6775 -26.0330
v  1.8410 -18.1436 -18.7877
v  1.6489 -16.3284 -26.0330
v  -1.8384 -19.2889 -10.9262
v  -5.5685 -18.5749 -10.9262
v  -9.0876 -17.1470 -10.9262
v  -12.2605 -15.0599 -10.9262
v  -14.9653 -12.3940 -10.9262
v  -17.0980 -9.2516 -10.9262
v  -18.5767 -5.7535 -10.9262
v  -19.3445 -2.0341 -10.9262
v  -19.7681 -1.1580 -18.0546
v  -20.5334 -1.2390 -12.6722
v  -20.5492 0.9513 -12.6722
v  -19.7828 0.8814 -18.0546
v  -19.3720 1.7635 -10.9262
v  -18.6580 5.4936 -10.9262
v  -17.2301 9.0127 -10.9262
v  -15.1430 12.1856 -10.9262
v  -12.4771 14.8904 -10.9262
v  -9.3347 17.0231 -10.9262
v  -5.8366 18.5018 -10.9262
v  -2.1173 19.2696 -10.9262
v  -1.2412 19.6932 -18.0546
v  -1.3221 20.4585 -12.6722
v  0.8682 20.4743 -12.6722
v  0.7983 19.7079 -18.0546
v  1.6804 19.2971 -10.9262
v  5.4105 18.5831 -10.9262
v  8.9296 17.1552 -10.9262
v  12.1025 15.0681 -10.9262
v  14.8073 12.4022 -10.9262
v  16.9400 9.2598 -10.9262
v  18.4187 5.7617 -10.9262
v  19.1865 2.0424 -10.9262
v  19.6100 1.1662 -18.0546
v  20.3753 1.2472 -12.6722
v  20.3912 -0.9431 -12.6722
v  19.6248 -0.8732 -18.0546
v  19.2140 -1.7553 -10.9262
v  18.5000 -5.4854 -10.9262
v  17.0721 -9.0045 -10.9262
v  14.9850 -12.1774 -10.9262
v  12.3191 -14.8822 -10.9262
v  9.1767 -17.0149 -10.9262
v  5.6786 -18.4936 -10.9262
v  1.9592 -19.2614 -10.9262
v  1.0831 -19.6849 -18.0546
v  1.1641 -20.4502 -12.6722
v  -1.0262 -20.4661 -12.6722
v  -0.9563 -19.6997 -18.0546
v  -1.8729 -19.6668 -2.7505
v  -5.6760 -18.9389 -2.7505
v  -9.2641 -17.4830 -2.7505
v  -12.4992 -15.3551 -2.7505
v  -15.2569 -12.6369 -2.7505
v  -17.4314 -9.4329 -2.7505
v  -18.9391 -5.8663 -2.7505
v  -19.7220 -2.0741 -2.7505
v  -19.7500 1.7980 -2.7505
v  -19.0220 5.6012 -2.7505
v  -17.5661 9.1892 -2.7505
v  -15.4382 12.4243 -2.7505
v  -12.7200 15.1821 -2.7505
v  -9.5160 17.3566 -2.7505
v  -5.9494 18.8642 -2.7505
v  -2.1572 19.6471 -2.7505
v  1.7149 19.6751 -2.7505
v  5.5180 18.9471 -2.7505
v  9.1061 17.4912 -2.7505
v  12.3412 15.3633 -2.7505
v  15.0989 12.6451 -2.7505
v  17.2734 9.4411 -2.7505
v  18.7811 5.8745 -2.7505
v  19.5639 2.0823 -2.7505
v  19.5919 -1.7898 -2.7505
v  18.8640 -5.5929 -2.7505
v  17.4081 -9.1810 -2.7505
v  15.2801 -12.4161 -2.7505
v  12.5620 -15.1738 -2.7505
v  9.3580 -17.3483 -2.7505
v  5.7914 -18.8560 -2.7505
v  1.9991 -19.6388 -2.7505
v  -1.8384 -19.2889 5.4253
v  -5.5685 -18.5749 5.4253
v  -9.0876 -17.1470 5.4253
v  -12.2605 -15.0599 5.4253
v  -14.9653 -12.3940 5.4253
v  -17.0980 -9.2516 5.4253
v  -18.5767 -5.7535 5.4253
v  -19.3445 -2.0341 5.4253
v  -19.3720 1.7635 5.4253
v  -18.6580 5.4936 5.4253
v  -17.2301 9.0127 5.4253
v  -15.1430 12.1856 5.4253
v  -12.4771 14.8904 5.4253
v  -9.3347 17.0231 5.4253
v  -5.8366 18.5018 5.4253
v  -2.1173 19.2696 5.4253
v  1.6804 19.2971 5.4253
v  5.4105 18.5831 5.4253
v  8.9296 17.1552 5.4253
v  12.1025 15.0682 5.4253
v  14.8073 12.4022 5.4253
v  16.9400 9.2598 5.4253
v  18.4187 5.7617 5.4253
v  19.1865 2.0424 5.4253
v  19.2140 -1.7553 5.4253
v  18.5000 -5.4854 5.4253
v  17.0721 -9.0045 5.4253
v  14.9850 -12.1774 5.4253
v  12.3191 -14.8822 5.4253
v  9.1767 -17.0149 5.4253
v  5.6786 -18.4936 5.4253
v  1.9592 -19.2614 5.4253
v  -1.7363 -18.1695 13.2868
v  -5.2500 -17.4969 13.2868
v  -8.5649 -16.1519 13.2868
v  -11.5537 -14.1859 13.2868
v  -14.1016 -11.6746 13.2868
v  -16.1106 -8.7146 13.2868
v  -17.5035 -5.4194 13.2868
v  -18.2267 -1.9159 13.2868
v  -18.2526 1.6615 13.2868
v  -17.5801 5.1751 13.2868
v  -16.2350 8.4900 13.2868
v  -14.2690 11.4789 13.2868
v  -11.7578 14.0267 13.2868
v  -8.7977 16.0357 13.2868
v  -5.5025 17.4286 13.2868
v  -1.9990 18.1518 13.2868
v  1.5783 18.1777 13.2868
v  5.0920 17.5052 13.2868
v  8.4069 16.1601 13.2868
v  11.3957 14.1941 13.2868
v  13.9436 11.6829 13.2868
v  15.9526 8.7228 13.2868
v  17.3454 5.4276 13.2868
v  18.0687 1.9241 13.2868
v  18.0946 -1.6532 13.2868
v  17.4220 -5.1669 13.2868
v  16.0769 -8.4818 13.2868
v  14.1110 -11.4706 13.2868
v  11.5997 -14.0185 13.2868
v  8.6396 -16.0274 13.2868
v  5.3445 -17.4203 13.2868
v  1.8410 -18.1436 13.2868
v  -1.5706 -16.3517 20.5321
v  -4.7328 -15.7464 20.5321
v  -7.7161 -14.5359 20.5321
v  -10.4060 -12.7666 20.5321
v  -12.6990 -10.5065 20.5321
v  -14.5070 -7.8425 20.5321
v  -15.7606 -4.8769 20.5321
v  -16.4115 -1.7238 20.5321
v  -16.4348 1.4957 20.5321
v  -15.8295 4.6579 20.5321
v  -14.6190 7.6412 20.5321
v  -12.8497 10.3311 20.5321
v  -10.5896 12.6241 20.5321
v  -7.9256 14.4321 20.5321
v  -4.9601 15.6857 20.5321
v  -1.8069 16.3366 20.5321
v  1.4126 16.3599 20.5321
v  4.5748 15.7547 20.5321
v  7.5581 14.5441 20.5321
v  10.2480 12.7748 20.5321
v  12.5410 10.5147 20.5321
v  14.3490 7.8507 20.5321
v  15.6026 4.8852 20.5321
v  16.2535 1.7321 20.5321
v  16.2768 -1.4875 20.5321
v  15.6715 -4.6497 20.5321
v  14.4610 -7.6330 20.5321
v  12.6917 -10.3229 20.5321
v  10.4316 -12.6159 20.5321
v  7.7676 -14.4239 20.5321
v  4.8020 -15.6775 20.5321
v  1.6489 -16.3284 20.5321
v  -1.6305 -17.0093 21.2008
v  -1.4075 -14.5629 27.5513
v  -4.2238 -14.0239 27.5513
v  -4.9199 -16.3797 21.2008
v  -6.8809 -12.9457 27.5513
v  -8.0232 -15.1205 21.2008
v  -9.2766 -11.3699 27.5513
v  -10.8212 -13.2800 21.2008
v  -11.3188 -9.3570 27.5513
v  -13.2064 -10.9291 21.2008
v  -12.9291 -6.9843 27.5513
v  -15.0871 -8.1580 21.2008
v  -14.0456 -4.3431 27.5513
v  -16.3911 -5.0732 21.2008
v  -14.6253 -1.5349 27.5513
v  -17.0682 -1.7933 21.2008
v  -14.6461 1.3326 27.5513
v  -17.0924 1.5557 21.2008
v  -14.1070 4.1489 27.5513
v  -16.4628 4.8450 21.2008
v  -13.0288 6.8060 27.5513
v  -15.2036 7.9483 21.2008
v  -11.4530 9.2017 27.5513
v  -13.3631 10.7463 21.2008
v  -9.4401 11.2439 27.5513
v  -11.0122 13.1315 21.2008
v  -7.0675 12.8542 27.5513
v  -8.2411 15.0122 21.2008
v  -4.4263 13.9707 27.5513
v  -5.1563 16.3162 21.2008
v  -1.6180 14.5505 27.5513
v  -1.8764 16.9933 21.2008
v  1.2494 14.5712 27.5513
v  1.4725 17.0175 21.2008
v  4.0658 14.0321 27.5513
v  4.7619 16.3879 21.2008
v  6.7229 12.9540 27.5513
v  7.8652 15.1287 21.2008
v  9.1186 11.3781 27.5513
v  10.6632 13.2882 21.2008
v  11.1608 9.3652 27.5513
v  13.0484 10.9373 21.2008
v  12.7711 6.9926 27.5513
v  14.9291 8.1662 21.2008
v  13.8876 4.3514 27.5513
v  16.2331 5.0814 21.2008
v  14.4673 1.5431 27.5513
v  16.9102 1.8015 21.2008
v  14.4881 -1.3243 27.5513
v  16.9344 -1.5474 21.2008
v  13.9490 -4.1407 27.5513
v  16.3048 -4.8368 21.2008
v  12.8708 -6.7978 27.5513
v  15.0456 -7.9401 21.2008
v  11.2950 -9.1935 27.5513
v  13.2051 -10.7381 21.2008
v  9.2821 -11.2357 27.5513
v  10.8542 -13.1233 21.2008
v  6.9094 -12.8460 27.5513
v  8.0830 -15.0040 21.2008
v  4.2682 -13.9625 27.5513
v  4.9983 -16.3080 21.2008
v  1.4599 -14.5422 27.5513
v  1.7184 -16.9851 21.2008
v  -1.4726 -13.8934 27.0390
v  -1.1739 -10.9151 31.3777
v  -3.2831 -10.4917 31.3777
v  -4.1570 -13.3545 27.0390
v  -5.2692 -9.6649 31.3777
v  -6.6848 -12.3022 27.0390
v  -7.0558 -8.4666 31.3777
v  -8.9587 -10.7770 27.0390
v  -8.5743 -6.9427 31.3777
v  -10.8914 -8.8375 27.0390
v  -9.7663 -5.1519 31.3777
v  -12.4086 -6.5582 27.0390
v  -10.5860 -3.1629 31.3777
v  -13.4519 -4.0267 27.0390
v  -11.0020 -1.0522 31.3777
v  -13.9813 -1.3404 27.0390
v  -10.9982 1.0990 31.3777
v  -13.9765 1.3977 27.0390
v  -10.5748 3.2082 31.3777
v  -13.4376 4.0822 27.0390
v  -9.7480 5.1943 31.3777
v  -12.3853 6.6099 27.0390
v  -8.5497 6.9809 31.3777
v  -10.8601 8.8839 27.0390
v  -7.0258 8.4994 31.3777
v  -8.9206 10.8165 27.0390
v  -5.2350 9.6914 31.3777
v  -6.6413 12.3337 27.0390
v  -3.2460 10.5111 31.3777
v  -4.1099 13.3770 27.0390
v  -1.1354 10.9271 31.3777
v  -1.4235 13.9064 27.0390
v  1.0159 10.9233 31.3777
v  1.3146 13.9016 27.0390
v  3.1251 10.4999 31.3777
v  3.9990 13.3627 27.0390
v  5.1112 9.6731 31.3777
v  6.5268 12.3104 27.0390
v  6.8978 8.4748 31.3777
v  8.8007 10.7852 27.0390
v  8.4162 6.9509 31.3777
v  10.7334 8.8457 27.0390
v  9.6083 5.1601 31.3777
v  12.2506 6.5664 27.0390
v  10.4280 3.1711 31.3777
v  13.2939 4.0350 27.0390
v  10.8440 1.0605 31.3777
v  13.8233 1.3486 27.0390
v  10.8402 -1.0908 31.3777
v  13.8185 -1.3894 27.0390
v  10.4168 -3.2000 31.3777
v  13.2796 -4.0739 27.0390
v  9.5900 -5.1860 31.3777
v  12.2273 -6.6017 27.0390
v  8.3917 -6.9727 31.3777
v  10.7021 -8.8756 27.0390
v  6.8678 -8.4911 31.3777
v  8.7626 -10.8083 27.0390
v  5.0770 -9.6832 31.3777
v  6.4833 -12.3255 27.0390
v  3.0880 -10.5029 31.3777
v  3.9518 -13.3688 27.0390
v  0.9773 -10.9189 31.3777
v  1.2655 -13.8982 27.0390
v  -0.8332 -7.5171 34.6016
v  -2.2860 -7.2255 34.6016
v  -3.6540 -6.6560 34.6016
v  -4.8847 -5.8306 34.6016
v  -5.9306 -4.7809 34.6016
v  -6.7517 -3.5474 34.6016
v  -7.3164 -2.1774 34.6016
v  -7.6029 -0.7235 34.6016
v  -7.6003 0.7583 34.6016
v  -7.3086 2.2111 34.6016
v  -6.7391 3.5792 34.6016
v  -5.9137 4.8098 34.6016
v  -4.8641 5.8558 34.6016
v  -3.6305 6.6768 34.6016
v  -2.2605 7.2415 34.6016
v  -0.8066 7.5280 34.6016
v  0.6752 7.5254 34.6016
v  2.1280 7.2337 34.6016
v  3.4960 6.6643 34.6016
v  4.7267 5.8388 34.6016
v  5.7726 4.7892 34.6016
v  6.5937 3.5556 34.6016
v  7.1584 2.1856 34.6016
v  7.4449 0.7317 34.6016
v  7.4423 -0.7501 34.6016
v  7.1506 -2.2029 34.6016
v  6.5811 -3.5709 34.6016
v  5.7557 -4.8016 34.6016
v  4.7060 -5.8475 34.6016
v  3.4725 -6.6686 34.6016
v  2.1025 -7.2332 34.6016
v  0.6486 -7.5198 34.6016
v  -0.4635 -3.8302 36.5869
v  -1.2041 -3.6815 36.5869
v  -1.9015 -3.3912 36.5869
v  -2.5289 -2.9704 36.5869
v  -3.0621 -2.4353 36.5869
v  -3.4807 -1.8064 36.5869
v  -3.7686 -1.1080 36.5869
v  -3.9146 -0.3668 36.5869
v  -3.9133 0.3886 36.5869
v  -3.7646 1.1293 36.5869
v  -3.4743 1.8267 36.5869
v  -3.0535 2.4540 36.5869
v  -2.5184 2.9873 36.5869
v  -1.8896 3.4058 36.5869
v  -1.1911 3.6937 36.5869
v  -0.4500 3.8398 36.5869
v  0.3055 3.8384 36.5869
v  1.0461 3.6897 36.5869
v  1.7435 3.3994 36.5869
v  2.3709 2.9786 36.5869
v  2.9041 2.4435 36.5869
v  3.3227 1.8147 36.5869
v  3.6106 1.1162 36.5869
v  3.7566 0.3751 36.5869
v  3.7553 -0.3804 36.5869
v  3.6066 -1.1210 36.5869
v  3.3163 -1.8184 36.5869
v  2.8955 -2.4458 36.5869
v  2.3604 -2.9790 36.5869
v  1.7315 -3.3976 36.5869
v  1.0331 -3.6854 36.5869
v  0.2919 -3.8315 36.5869
v  -0.0790 0.0041 37.2572
v  -0.0790 0.0041 -26.0330
v  -24.1017 -23.4201 -26.0358
v  -24.0831 -23.4001 -20.6054
v  -24.0908 -23.3950 -12.7711
v  -24.1109 -23.4108 -9.1276
v  -23.4935 24.0280 -26.0359
v  -23.4920 24.0318 -20.6054
v  -23.4998 24.0319 -12.7711
v  -23.4939 24.0361 -9.1276
v  24.0883 23.6278 -26.0358
v  24.0800 23.6116 -20.6054
v  24.0971 23.6101 -13.8021
v  24.1109 23.6112 -9.2410
v  23.3372 -24.0322 -26.0358
v  23.3468 -24.0313 -20.6054
v  23.3417 -24.0361 -12.7711
v  23.3358 -24.0278 -9.1276
v  -1.3475 -13.9053 26.8826
v  -4.0367 -13.3906 26.8826
v  -6.5738 -12.3611 26.8826
v  -8.8614 -10.8565 26.8826
v  -10.8114 -8.9344 26.8826
v  -12.3490 -6.6689 26.8826
v  -13.4151 -4.1469 26.8826
v  -13.9687 -1.4654 26.8826
v  -13.9885 1.2726 26.8826
v  -13.4737 3.9618 26.8826
v  -12.4443 6.4990 26.8826
v  -10.9396 8.7865 26.8826
v  -9.0175 10.7365 26.8826
v  -6.7520 12.2741 26.8826
v  -4.2300 13.3402 26.8826
v  -1.5485 13.8938 26.8826
v  1.1895 13.9136 26.8826
v  3.8787 13.3988 26.8826
v  6.4158 12.3694 26.8826
v  8.7034 10.8647 26.8826
v  10.6534 8.9426 26.8826
v  12.1910 6.6771 26.8826
v  13.2571 4.1551 26.8826
v  13.8107 1.4736 26.8826
v  13.8305 -1.2644 26.8826
v  13.3157 -3.9536 26.8826
v  12.2862 -6.4907 26.8826
v  10.7815 -8.7783 26.8826
v  8.8595 -10.7283 26.8826
v  6.5940 -12.2659 26.8826
v  4.0720 -13.3320 26.8826
v  1.3905 -13.8855 26.8826
v  -0.2633 -0.2840 -37.2572
v  -0.6062 2.8875 -36.9641
v  0.0191 2.8935 -36.9641
v  0.6336 2.7773 -36.9641
v  1.2136 2.5435 -36.9641
v  1.7369 2.2011 -36.9641
v  2.1832 1.7631 -36.9641
v  2.5356 1.2465 -36.9641
v  2.7804 0.6710 -36.9641
v  2.9083 0.0589 -36.9641
v  2.9142 -0.5664 -36.9641
v  2.7981 -1.1809 -36.9641
v  2.5643 -1.7609 -36.9641
v  2.2218 -2.2841 -36.9641
v  1.7838 -2.7305 -36.9641
v  1.2672 -3.0829 -36.9641
v  0.6918 -3.3277 -36.9641
v  0.0796 -3.4555 -36.9641
v  -0.5457 -3.4615 -36.9641
v  -1.1602 -3.3453 -36.9641
v  -1.7402 -3.1115 -36.9641
v  -2.2634 -2.7691 -36.9641
v  -2.7098 -2.3311 -36.9641
v  -3.0622 -1.8145 -36.9641
v  -3.3070 -1.2390 -36.9641
v  -3.4348 -0.6269 -36.9641
v  -3.4408 -0.0016 -36.9641
v  -3.3246 0.6129 -36.9641
v  -3.0908 1.1929 -36.9641
v  -2.7484 1.7161 -36.9641
v  -2.3104 2.1625 -36.9641
v  -1.7938 2.5149 -36.9641
v  -1.2183 2.7597 -36.9641
v  -0.9359 5.9372 -36.0962
v  0.2907 5.9489 -36.0962
v  1.4960 5.7210 -36.0962
v  2.6338 5.2624 -36.0962
v  3.6601 4.5907 -36.0962
v  4.5358 3.7316 -36.0961
v  5.2269 2.7182 -36.0961
v  5.7071 1.5894 -36.0962
v  5.9579 0.3886 -36.0962
v  5.9696 -0.8380 -36.0962
v  5.7417 -2.0433 -36.0962
v  5.2831 -3.1810 -36.0962
v  4.6114 -4.2074 -36.0962
v  3.7523 -5.0830 -36.0962
v  2.7389 -5.7742 -36.0962
v  1.6101 -6.2544 -36.0962
v  0.4093 -6.5052 -36.0962
v  -0.8173 -6.5169 -36.0962
v  -2.0226 -6.2890 -36.0962
v  -3.1603 -5.8304 -36.0962
v  -4.1867 -5.1587 -36.0962
v  -5.0623 -4.2996 -36.0962
v  -5.7535 -3.2862 -36.0962
v  -6.2337 -2.1574 -36.0962
v  -6.4845 -0.9566 -36.0962
v  -6.4961 0.2700 -36.0962
v  -6.2683 1.4753 -36.0962
v  -5.8097 2.6130 -36.0962
v  -5.1379 3.6394 -36.0962
v  -4.2788 4.5150 -36.0962
v  -3.2654 5.2062 -36.0962
v  -2.1367 5.6864 -36.0962
v  -1.2398 8.7478 -34.6866
v  0.5410 8.7647 -34.6866
v  2.2909 8.4339 -34.6866
v  3.9426 7.7681 -34.6866
v  5.4326 6.7929 -34.6866
v  6.7038 5.5457 -34.6866
v  7.7073 4.0745 -34.6866
v  8.4044 2.4357 -34.6866
v  8.7685 0.6925 -34.6866
v  8.7854 -1.0883 -34.6866
v  8.4547 -2.8381 -34.6866
v  7.7889 -4.4899 -34.6866
v  6.8136 -5.9799 -34.6866
v  5.5664 -7.2511 -34.6866
v  4.0952 -8.2546 -34.6866
v  2.4565 -8.9517 -34.6866
v  0.7132 -9.3158 -34.6866
v  -1.0676 -9.3327 -34.6866
v  -2.8174 -9.0019 -34.6866
v  -4.4691 -8.3361 -34.6866
v  -5.9592 -7.3609 -34.6866
v  -7.2304 -6.1137 -34.6866
v  -8.2338 -4.6425 -34.6866
v  -8.9310 -3.0037 -34.6866
v  -9.2950 -1.2605 -34.6866
v  -9.3120 0.5203 -34.6866
v  -8.9812 2.2701 -34.6866
v  -8.3154 3.9219 -34.6866
v  -7.3402 5.4119 -34.6866
v  -6.0930 6.6831 -34.6866
v  -4.6217 7.6866 -34.6866
v  -2.9830 8.3837 -34.6866
v  -1.5061 11.2112 -32.7897
v  0.7604 11.2328 -32.7897
v  2.9875 10.8118 -32.7897
v  5.0897 9.9644 -32.7897
v  6.9863 8.7232 -32.7897
v  8.6042 7.1358 -32.7897
v  9.8813 5.2633 -32.7897
v  10.7686 3.1776 -32.7897
v  11.2320 0.9588 -32.7897
v  11.2536 -1.3076 -32.7897
v  10.8326 -3.5348 -32.7897
v  9.9852 -5.6370 -32.7897
v  8.7439 -7.5335 -32.7897
v  7.1565 -9.1515 -32.7897
v  5.2840 -10.4286 -32.7897
v  3.1983 -11.3159 -32.7897
v  0.9796 -11.7792 -32.7897
v  -1.2869 -11.8008 -32.7897
v  -3.5141 -11.3798 -32.7897
v  -5.6163 -10.5324 -32.7897
v  -7.5128 -9.2912 -32.7897
v  -9.1307 -7.7038 -32.7897
v  -10.4079 -5.8313 -32.7897
v  -11.2952 -3.7456 -32.7897
v  -11.7585 -1.5268 -32.7897
v  -11.7801 0.7397 -32.7897
v  -11.3591 2.9668 -32.7897
v  -10.5117 5.0690 -32.7897
v  -9.2705 6.9656 -32.7897
v  -7.6831 8.5835 -32.7897
v  -5.8105 9.8606 -32.7897
v  -3.7248 10.7479 -32.7897
v  -1.7247 13.2330 -30.4783
v  0.9404 13.2584 -30.4783
v  3.5593 12.7633 -30.4783
v  6.0312 11.7669 -30.4783
v  8.2613 10.3073 -30.4783
v  10.1637 8.4408 -30.4783
v  11.6655 6.2389 -30.4783
v  12.7089 3.7864 -30.4783
v  13.2537 1.1774 -30.4783
v  13.2791 -1.4877 -30.4783
v  12.7840 -4.1065 -30.4783
v  11.7876 -6.5785 -30.4783
v  10.3281 -8.8086 -30.4783
v  8.4615 -10.7110 -30.4783
v  6.2596 -12.2128 -30.4783
v  3.8071 -13.2561 -30.4783
v  1.1981 -13.8010 -30.4783
v  -1.4670 -13.8264 -30.4783
v  -4.0858 -13.3313 -30.4783
v  -6.5578 -12.3349 -30.4783
v  -8.7878 -10.8753 -30.4783
v  -10.6903 -9.0088 -30.4783
v  -12.1921 -6.8069 -30.4783
v  -13.2354 -4.3544 -30.4783
v  -13.7803 -1.7454 -30.4783
v  -13.8056 0.9197 -30.4783
v  -13.3106 3.5386 -30.4783
v  -12.3142 6.0105 -30.4783
v  -10.8546 8.2406 -30.4783
v  -8.9880 10.1430 -30.4783
v  -6.7862 11.6448 -30.4783
v  -4.3336 12.6881 -30.4783
v  -1.7247 13.2330 -26.7900
v  0.9404 13.2584 -26.7899
v  3.5593 12.7633 -26.7899
v  6.0312 11.7669 -26.7899
v  8.2613 10.3073 -26.7899
v  10.1637 8.4408 -26.7899
v  11.6655 6.2389 -26.7899
v  12.7089 3.7864 -26.7899
v  13.2537 1.1774 -26.7899
v  13.2791 -1.4877 -26.7899
v  12.7840 -4.1065 -26.7899
v  11.7876 -6.5785 -26.7899
v  10.3281 -8.8086 -26.7899
v  8.4615 -10.7110 -26.7900
v  6.2596 -12.2128 -26.7900
v  3.8071 -13.2561 -26.7900
v  1.1981 -13.8010 -26.7900
v  -1.4670 -13.8264 -26.7900
v  -4.0858 -13.3313 -26.7900
v  -6.5578 -12.3349 -26.7900
v  -8.7878 -10.8753 -26.7900
v  -10.6903 -9.0088 -26.7900
v  -12.1921 -6.8069 -26.7900
v  -13.2354 -4.3544 -26.7900
v  -13.7803 -1.7454 -26.7900
v  -13.8056 0.9197 -26.7900
v  -13.3106 3.5386 -26.7900
v  -12.3142 6.0105 -26.7900
v  -10.8546 8.2406 -26.7900
v  -8.9880 10.1430 -26.7900
v  -6.7862 11.6448 -26.7899
v  -4.3336 12.6881 -26.7900
# 835 vertices

vn 0.6340 -0.6509 -0.4175
vn 0.0859 -0.8835 -0.4606
vn 0.0855 -0.8837 -0.4603
vn 0.6178 -0.6640 -0.4212
vn -0.0885 -0.8834 -0.4603
vn -0.0881 -0.8833 -0.4606
vn -0.6364 -0.6488 -0.4172
vn -0.6202 -0.6616 -0.4215
vn -0.5996 -0.6776 -0.4259
vn -0.4200 -0.7826 -0.4596
vn -0.5993 -0.6778 -0.4259
vn -0.5646 -0.6856 -0.4596
vn -0.6875 -0.5623 -0.4596
vn -0.7840 -0.4174 -0.4595
vn -0.7840 -0.4174 -0.4596
vn -0.6796 -0.5973 -0.4259
vn -0.6797 -0.5971 -0.4259
vn -0.6509 -0.6340 -0.4175
vn -0.8835 -0.0859 -0.4606
vn -0.8837 -0.0855 -0.4603
vn -0.6640 -0.6178 -0.4212
vn -0.8834 0.0885 -0.4603
vn -0.8833 0.0881 -0.4606
vn -0.6488 0.6364 -0.4172
vn -0.6616 0.6202 -0.4215
vn -0.6776 0.5996 -0.4259
vn -0.7826 0.4200 -0.4596
vn -0.6778 0.5993 -0.4259
vn -0.6856 0.5646 -0.4596
vn -0.5623 0.6875 -0.4596
vn -0.4174 0.7840 -0.4596
vn -0.5973 0.6796 -0.4259
vn -0.5971 0.6797 -0.4259
vn -0.6340 0.6509 -0.4175
vn -0.0859 0.8835 -0.4606
vn -0.0855 0.8837 -0.4603
vn -0.6178 0.6640 -0.4212
vn 0.0885 0.8834 -0.4603
vn 0.0881 0.8832 -0.4606
vn 0.6364 0.6488 -0.4172
vn 0.6202 0.6616 -0.4215
vn 0.5996 0.6776 -0.4259
vn 0.4200 0.7826 -0.4596
vn 0.5993 0.6778 -0.4259
vn 0.5646 0.6856 -0.4596
vn 0.6875 0.5623 -0.4596
vn 0.7840 0.4174 -0.4596
vn 0.6796 0.5973 -0.4259
vn 0.6797 0.5971 -0.4259
vn 0.6509 0.6340 -0.4175
vn 0.8835 0.0859 -0.4606
vn 0.8837 0.0855 -0.4603
vn 0.6640 0.6178 -0.4212
vn 0.8834 -0.0885 -0.4603
vn 0.8832 -0.0881 -0.4606
vn 0.6488 -0.6364 -0.4172
vn 0.6616 -0.6202 -0.4215
vn 0.6776 -0.5996 -0.4259
vn 0.7826 -0.4200 -0.4596
vn 0.6778 -0.5993 -0.4259
vn 0.6856 -0.5646 -0.4596
vn 0.5623 -0.6875 -0.4596
vn 0.4174 -0.7840 -0.4596
vn 0.5973 -0.6796 -0.4259
vn 0.5971 -0.6797 -0.4259
vn -0.1720 0.8723 0.4578
vn 0.0015 0.8891 0.4578
vn 0.1749 0.8717 0.4578
vn 0.3416 0.8208 0.4578
vn 0.4951 0.7384 0.4578
vn 0.6297 0.6276 0.4578
vn 0.7400 0.4927 0.4578
vn 0.8219 0.3389 0.4578
vn 0.8723 0.1720 0.4578
vn 0.8891 -0.0015 0.4578
vn 0.8717 -0.1749 0.4578
vn 0.8208 -0.3416 0.4578
vn 0.7384 -0.4951 0.4578
vn 0.6276 -0.6297 0.4578
vn 0.4927 -0.7400 0.4578
vn 0.3389 -0.8219 0.4578
vn 0.1720 -0.8723 0.4578
vn -0.0015 -0.8891 0.4578
vn -0.1749 -0.8717 0.4578
vn -0.3416 -0.8208 0.4578
vn -0.4951 -0.7384 0.4578
vn -0.6297 -0.6276 0.4578
vn -0.7400 -0.4927 0.4578
vn -0.8219 -0.3389 0.4578
vn -0.8723 -0.1720 0.4578
vn -0.8891 0.0015 0.4578
vn -0.8717 0.1749 0.4578
vn -0.8208 0.3416 0.4578
vn -0.7384 0.4951 0.4578
vn -0.6276 0.6297 0.4578
vn -0.4927 0.7400 0.4578
vn -0.3389 0.8219 0.4578
vn 0.0893 -0.4526 0.8872
vn -0.0893 0.4526 -0.8872
vn -0.0008 -0.4613 0.8872
vn 0.0008 0.4613 -0.8872
vn -0.0907 -0.4523 0.8872
vn 0.0907 0.4523 -0.8872
vn -0.1772 -0.4259 0.8872
vn 0.1772 0.4259 -0.8872
vn -0.2569 -0.3831 0.8872
vn 0.2569 0.3831 -0.8872
vn -0.3267 -0.3257 0.8872
vn 0.3267 0.3257 -0.8872
vn -0.3840 -0.2557 0.8872
vn 0.3840 0.2557 -0.8872
vn -0.4265 -0.1758 0.8872
vn 0.4265 0.1758 -0.8872
vn -0.4526 -0.0893 0.8872
vn 0.4526 0.0893 -0.8872
vn -0.4613 0.0008 0.8872
vn 0.4613 -0.0008 -0.8872
vn -0.4523 0.0907 0.8872
vn 0.4523 -0.0907 -0.8872
vn -0.4259 0.1772 0.8872
vn 0.4259 -0.1772 -0.8872
vn -0.3831 0.2569 0.8872
vn 0.3831 -0.2569 -0.8872
vn -0.3257 0.3267 0.8872
vn 0.3257 -0.3267 -0.8872
vn -0.2557 0.3840 0.8872
vn 0.2557 -0.3840 -0.8872
vn -0.1758 0.4265 0.8872
vn 0.1758 -0.4265 -0.8872
vn -0.0893 0.4526 0.8872
vn 0.0893 -0.4526 -0.8872
vn 0.0008 0.4613 0.8872
vn -0.0008 -0.4613 -0.8872
vn 0.0907 0.4523 0.8872
vn -0.0907 -0.4523 -0.8872
vn 0.1772 0.4259 0.8872
vn -0.1772 -0.4259 -0.8872
vn 0.2569 0.3831 0.8872
vn -0.2569 -0.3831 -0.8872
vn 0.3267 0.3257 0.8872
vn -0.3267 -0.3257 -0.8872
vn 0.3840 0.2557 0.8872
vn -0.3840 -0.2557 -0.8872
vn 0.4265 0.1758 0.8872
vn -0.4265 -0.1758 -0.8872
vn 0.4526 0.0893 0.8872
vn -0.4526 -0.0893 -0.8872
vn 0.4613 -0.0008 0.8872
vn -0.4613 0.0008 -0.8872
vn 0.4523 -0.0907 0.8872
vn -0.4523 0.0907 -0.8872
vn 0.4259 -0.1772 0.8872
vn -0.4259 0.1772 -0.8872
vn 0.3831 -0.2569 0.8872
vn -0.3831 0.2569 -0.8872
vn 0.3257 -0.3267 0.8872
vn -0.3257 0.3267 -0.8872
vn 0.2557 -0.3840 0.8872
vn -0.2557 0.3840 -0.8872
vn 0.1758 -0.4265 0.8872
vn -0.1758 0.4265 -0.8872
vn 0.1672 -0.8470 0.5046
vn -0.0014 -0.8566 0.5159
vn -0.1700 -0.8464 0.5046
vn -0.0141 -0.0712 -0.9974
vn -0.0001 -0.0721 -0.9974
vn 0.0139 -0.0712 -0.9974
vn -0.8470 -0.1672 0.5046
vn -0.8566 0.0014 0.5159
vn -0.8464 0.1700 0.5046
vn -0.0712 0.0141 -0.9974
vn -0.0721 0.0001 -0.9974
vn -0.0712 -0.0139 -0.9974
vn -0.1672 0.8470 0.5046
vn 0.0014 0.8566 0.5159
vn 0.1700 0.8464 0.5046
vn 0.0141 0.0712 -0.9974
vn 0.0001 0.0721 -0.9974
vn -0.0139 0.0712 -0.9974
vn 0.8470 0.1672 0.5046
vn 0.8566 -0.0014 0.5159
vn 0.8464 -0.1700 0.5046
vn 0.0712 -0.0141 -0.9974
vn 0.0721 -0.0001 -0.9974
vn 0.0712 0.0139 -0.9974
vn -0.0841 -0.9222 -0.3775
vn -0.1185 -0.9378 -0.3263
vn -0.2702 -0.9145 -0.3010
vn -0.2624 -0.8881 -0.3775
vn -0.4434 -0.8443 -0.3010
vn -0.4306 -0.8198 -0.3775
vn -0.5243 -0.7971 -0.2997
vn -0.5092 -0.7742 -0.3759
vn -0.7667 -0.5204 -0.3759
vn -0.7894 -0.5358 -0.2997
vn -0.8378 -0.4556 -0.3010
vn -0.8135 -0.4424 -0.3775
vn -0.9105 -0.2834 -0.3010
vn -0.8842 -0.2752 -0.3775
vn -0.9360 -0.1321 -0.3263
vn -0.9209 -0.0974 -0.3775
vn -0.9378 0.1185 -0.3263
vn -0.9222 0.0841 -0.3775
vn -0.9145 0.2702 -0.3010
vn -0.8881 0.2624 -0.3775
vn -0.8443 0.4434 -0.3010
vn -0.8198 0.4306 -0.3775
vn -0.7971 0.5243 -0.2997
vn -0.7742 0.5092 -0.3759
vn -0.5204 0.7667 -0.3759
vn -0.5358 0.7894 -0.2997
vn -0.4556 0.8378 -0.3010
vn -0.4424 0.8135 -0.3775
vn -0.2834 0.9105 -0.3010
vn -0.2752 0.8842 -0.3775
vn -0.1321 0.9360 -0.3263
vn -0.0974 0.9209 -0.3775
vn 0.1185 0.9378 -0.3263
vn 0.0841 0.9222 -0.3775
vn 0.2702 0.9145 -0.3010
vn 0.2624 0.8881 -0.3775
vn 0.4434 0.8443 -0.3010
vn 0.4306 0.8198 -0.3775
vn 0.5243 0.7971 -0.2997
vn 0.5092 0.7742 -0.3759
vn 0.7667 0.5204 -0.3759
vn 0.7894 0.5358 -0.2997
vn 0.8378 0.4556 -0.3010
vn 0.8135 0.4424 -0.3775
vn 0.9105 0.2834 -0.3010
vn 0.8842 0.2752 -0.3775
vn 0.9360 0.1321 -0.3263
vn 0.9209 0.0974 -0.3775
vn 0.9378 -0.1185 -0.3263
vn 0.9222 -0.0841 -0.3775
vn 0.9145 -0.2702 -0.3010
vn 0.8881 -0.2624 -0.3775
vn 0.8443 -0.4434 -0.3010
vn 0.8198 -0.4306 -0.3775
vn 0.7971 -0.5243 -0.2997
vn 0.7742 -0.5092 -0.3759
vn 0.5204 -0.7667 -0.3759
vn 0.5358 -0.7894 -0.2997
vn 0.4556 -0.8378 -0.3010
vn 0.4424 -0.8135 -0.3775
vn 0.2834 -0.9105 -0.3010
vn 0.2752 -0.8842 -0.3775
vn 0.1321 -0.9360 -0.3263
vn 0.0974 -0.9209 -0.3775
vn -0.1216 -0.9847 -0.1247
vn -0.2802 -0.9482 -0.1499
vn -0.4598 -0.8753 -0.1499
vn -0.5434 -0.8261 -0.1492
vn -0.8182 -0.5553 -0.1492
vn -0.8686 -0.4724 -0.1499
vn -0.9440 -0.2938 -0.1499
vn -0.9829 -0.1358 -0.1247
vn -0.9745 -0.0070 -0.2244
vn -0.9847 0.1216 -0.1247
vn -0.9482 0.2802 -0.1499
vn -0.8753 0.4598 -0.1499
vn -0.8261 0.5434 -0.1492
vn -0.5553 0.8182 -0.1492
vn -0.4724 0.8686 -0.1499
vn -0.2938 0.9440 -0.1499
vn -0.1358 0.9829 -0.1247
vn -0.0070 0.9745 -0.2244
vn 0.1216 0.9847 -0.1247
vn 0.2802 0.9482 -0.1499
vn 0.4598 0.8753 -0.1499
vn 0.5434 0.8261 -0.1492
vn 0.8182 0.5553 -0.1492
vn 0.8686 0.4724 -0.1499
vn 0.9440 0.2938 -0.1499
vn 0.9829 0.1358 -0.1247
vn 0.9745 0.0070 -0.2244
vn 0.9847 -0.1216 -0.1247
vn 0.9482 -0.2802 -0.1499
vn 0.8753 -0.4598 -0.1499
vn 0.8261 -0.5434 -0.1492
vn 0.5553 -0.8182 -0.1492
vn 0.4724 -0.8686 -0.1499
vn 0.2938 -0.9440 -0.1499
vn 0.1358 -0.9829 -0.1247
vn 0.0070 -0.9745 -0.2244
vn -0.0908 -0.9959 0.0000
vn -0.2834 -0.9590 0.0000
vn -0.4650 -0.8853 0.0000
vn -0.6027 -0.7975 0.0250
vn -0.7887 -0.6142 0.0250
vn -0.8785 -0.4778 -0.0000
vn -0.9548 -0.2972 -0.0000
vn -0.9944 -0.1052 -0.0000
vn -0.9959 0.0908 -0.0000
vn -0.9590 0.2834 -0.0000
vn -0.8853 0.4650 -0.0000
vn -0.7975 0.6027 0.0250
vn -0.6142 0.7887 0.0250
vn -0.4778 0.8785 -0.0000
vn -0.2972 0.9548 -0.0000
vn -0.1052 0.9944 -0.0000
vn 0.0908 0.9959 -0.0000
vn 0.2834 0.9590 -0.0000
vn 0.4650 0.8853 -0.0000
vn 0.6027 0.7975 0.0250
vn 0.7887 0.6142 0.0250
vn 0.8785 0.4778 -0.0000
vn 0.9548 0.2972 -0.0000
vn 0.9945 0.1052 -0.0000
vn 0.9959 -0.0908 -0.0000
vn 0.9590 -0.2834 0.0000
vn 0.8853 -0.4650 -0.0000
vn 0.7975 -0.6027 0.0250
vn 0.6142 -0.7887 0.0250
vn 0.4778 -0.8785 -0.0000
vn 0.2972 -0.9548 -0.0000
vn 0.1052 -0.9945 0.0000
vn -0.0898 -0.9846 0.1499
vn -0.2802 -0.9482 0.1499
vn -0.4598 -0.8753 0.1499
vn -0.6217 -0.7688 0.1499
vn -0.7597 -0.6327 0.1499
vn -0.8686 -0.4724 0.1499
vn -0.9440 -0.2938 0.1499
vn -0.9832 -0.1040 0.1499
vn -0.9846 0.0898 0.1499
vn -0.9482 0.2802 0.1499
vn -0.8753 0.4598 0.1499
vn -0.7688 0.6217 0.1499
vn -0.6327 0.7597 0.1499
vn -0.4724 0.8686 0.1499
vn -0.2938 0.9440 0.1499
vn -0.1040 0.9832 0.1499
vn 0.0898 0.9846 0.1499
vn 0.2802 0.9482 0.1499
vn 0.4598 0.8753 0.1499
vn 0.6217 0.7688 0.1499
vn 0.7597 0.6327 0.1499
vn 0.8686 0.4724 0.1499
vn 0.9440 0.2938 0.1499
vn 0.9832 0.1040 0.1499
vn 0.9846 -0.0898 0.1499
vn 0.9482 -0.2802 0.1499
vn 0.8753 -0.4598 0.1499
vn 0.7688 -0.6217 0.1499
vn 0.6327 -0.7597 0.1499
vn 0.4724 -0.8686 0.1499
vn 0.2938 -0.9440 0.1499
vn 0.1040 -0.9832 0.1499
vn -0.0866 -0.9497 0.3010
vn -0.2702 -0.9145 0.3010
vn -0.4434 -0.8443 0.3010
vn -0.5996 -0.7415 0.3010
vn -0.7328 -0.6103 0.3010
vn -0.8378 -0.4556 0.3010
vn -0.9105 -0.2834 0.3010
vn -0.9483 -0.1003 0.3010
vn -0.9497 0.0866 0.3010
vn -0.9145 0.2702 0.3010
vn -0.8443 0.4434 0.3010
vn -0.7415 0.5996 0.3010
vn -0.6103 0.7328 0.3010
vn -0.4556 0.8378 0.3010
vn -0.2834 0.9105 0.3010
vn -0.1003 0.9483 0.3010
vn 0.0866 0.9497 0.3010
vn 0.2702 0.9145 0.3010
vn 0.4434 0.8443 0.3010
vn 0.5996 0.7415 0.3010
vn 0.7328 0.6103 0.3010
vn 0.8378 0.4556 0.3010
vn 0.9105 0.2834 0.3010
vn 0.9483 0.1003 0.3010
vn 0.9497 -0.0866 0.3010
vn 0.9145 -0.2702 0.3010
vn 0.8443 -0.4434 0.3010
vn 0.7415 -0.5996 0.3010
vn 0.6103 -0.7328 0.3010
vn 0.4556 -0.8378 0.3010
vn 0.2834 -0.9105 0.3010
vn 0.1003 -0.9483 0.3010
vn -0.0841 -0.9222 0.3775
vn -0.2624 -0.8881 0.3775
vn -0.4306 -0.8198 0.3775
vn -0.5823 -0.7200 0.3775
vn -0.7116 -0.5926 0.3775
vn -0.8135 -0.4424 0.3775
vn -0.8842 -0.2752 0.3775
vn -0.9209 -0.0974 0.3775
vn -0.9222 0.0841 0.3775
vn -0.8881 0.2624 0.3775
vn -0.8198 0.4306 0.3775
vn -0.7200 0.5823 0.3775
vn -0.5926 0.7116 0.3775
vn -0.4424 0.8135 0.3775
vn -0.2752 0.8842 0.3775
vn -0.0974 0.9209 0.3775
vn 0.0841 0.9222 0.3775
vn 0.2624 0.8881 0.3775
vn 0.4306 0.8198 0.3775
vn 0.5823 0.7200 0.3775
vn 0.7116 0.5926 0.3775
vn 0.8135 0.4424 0.3775
vn 0.8842 0.2752 0.3775
vn 0.9209 0.0974 0.3775
vn 0.9222 -0.0841 0.3775
vn 0.8881 -0.2624 0.3775
vn 0.8198 -0.4306 0.3775
vn 0.7200 -0.5823 0.3775
vn 0.5926 -0.7116 0.3775
vn 0.4424 -0.8135 0.3775
vn 0.2752 -0.8842 0.3775
vn 0.0974 -0.9209 0.3775
vn -0.0770 -0.8442 0.5305
vn -0.2402 -0.8129 0.5305
vn -0.3942 -0.7504 0.5305
vn -0.5330 -0.6591 0.5305
vn -0.6513 -0.5425 0.5305
vn -0.7447 -0.4050 0.5305
vn -0.8094 -0.2519 0.5305
vn -0.8430 -0.0892 0.5305
vn -0.8442 0.0770 0.5305
vn -0.8129 0.2402 0.5305
vn -0.7504 0.3942 0.5305
vn -0.6591 0.5330 0.5305
vn -0.5425 0.6513 0.5305
vn -0.4050 0.7447 0.5305
vn -0.2519 0.8094 0.5305
vn -0.0892 0.8430 0.5305
vn 0.0770 0.8442 0.5305
vn 0.2402 0.8129 0.5305
vn 0.3942 0.7504 0.5305
vn 0.5330 0.6591 0.5305
vn 0.6513 0.5425 0.5305
vn 0.7447 0.4050 0.5305
vn 0.8094 0.2519 0.5305
vn 0.8430 0.0892 0.5305
vn 0.8442 -0.0770 0.5305
vn 0.8129 -0.2402 0.5305
vn 0.7504 -0.3942 0.5305
vn 0.6591 -0.5330 0.5305
vn 0.5425 -0.6513 0.5305
vn 0.4050 -0.7447 0.5305
vn 0.2519 -0.8094 0.5305
vn 0.0892 -0.8430 0.5305
vn -0.0666 -0.6639 0.7448
vn -0.0591 -0.5897 0.8054
vn -0.1731 -0.5669 0.8054
vn -0.1948 -0.6382 0.7448
vn -0.2803 -0.5222 0.8054
vn -0.3156 -0.5879 0.7448
vn -0.3768 -0.4575 0.8054
vn -0.4242 -0.5150 0.7448
vn -0.4588 -0.3752 0.8054
vn -0.5165 -0.4224 0.7448
vn -0.5232 -0.2785 0.8054
vn -0.5890 -0.3135 0.7448
vn -0.5675 -0.1710 0.8054
vn -0.6389 -0.1926 0.7448
vn -0.5899 -0.0571 0.8054
vn -0.6641 -0.0642 0.7448
vn -0.5897 0.0591 0.8054
vn -0.6639 0.0666 0.7448
vn -0.5669 0.1731 0.8054
vn -0.6382 0.1948 0.7448
vn -0.5222 0.2803 0.8054
vn -0.5879 0.3156 0.7448
vn -0.4575 0.3768 0.8054
vn -0.5150 0.4242 0.7448
vn -0.3752 0.4588 0.8054
vn -0.4224 0.5165 0.7448
vn -0.2785 0.5232 0.8054
vn -0.3135 0.5890 0.7448
vn -0.1710 0.5675 0.8054
vn -0.1926 0.6389 0.7448
vn -0.0571 0.5899 0.8054
vn -0.0642 0.6641 0.7448
vn 0.0591 0.5897 0.8054
vn 0.0666 0.6639 0.7448
vn 0.1731 0.5669 0.8054
vn 0.1948 0.6382 0.7448
vn 0.2803 0.5222 0.8054
vn 0.3156 0.5879 0.7448
vn 0.3768 0.4575 0.8054
vn 0.4242 0.5150 0.7448
vn 0.4588 0.3752 0.8054
vn 0.5165 0.4224 0.7448
vn 0.5232 0.2785 0.8054
vn 0.5890 0.3135 0.7448
vn 0.5675 0.1710 0.8054
vn 0.6389 0.1926 0.7448
vn 0.5899 0.0571 0.8054
vn 0.6641 0.0642 0.7448
vn 0.5897 -0.0591 0.8054
vn 0.6639 -0.0666 0.7448
vn 0.5669 -0.1731 0.8054
vn 0.6382 -0.1948 0.7448
vn 0.5222 -0.2803 0.8054
vn 0.5879 -0.3156 0.7448
vn 0.4575 -0.3768 0.8054
vn 0.5150 -0.4242 0.7448
vn 0.3752 -0.4588 0.8054
vn 0.4224 -0.5165 0.7448
vn 0.2785 -0.5232 0.8054
vn 0.3135 -0.5890 0.7448
vn 0.1710 -0.5675 0.8054
vn 0.1926 -0.6389 0.7448
vn 0.0571 -0.5899 0.8054
vn 0.0642 -0.6641 0.7448
vn -0.0416 -0.4147 0.9090
vn -0.1217 -0.3986 0.9090
vn -0.1971 -0.3672 0.9090
vn -0.2649 -0.3217 0.9090
vn -0.3226 -0.2638 0.9090
vn -0.3679 -0.1958 0.9090
vn -0.3990 -0.1203 0.9090
vn -0.4148 -0.0401 0.9090
vn -0.4147 0.0416 0.9090
vn -0.3986 0.1217 0.9090
vn -0.3672 0.1971 0.9090
vn -0.3217 0.2649 0.9090
vn -0.2638 0.3226 0.9090
vn -0.1958 0.3679 0.9090
vn -0.1203 0.3990 0.9090
vn -0.0401 0.4148 0.9090
vn 0.0416 0.4147 0.9090
vn 0.1217 0.3986 0.9090
vn 0.1971 0.3672 0.9090
vn 0.2649 0.3217 0.9090
vn 0.3226 0.2638 0.9090
vn 0.3679 0.1958 0.9090
vn 0.3990 0.1203 0.9090
vn 0.4148 0.0401 0.9090
vn 0.4147 -0.0416 0.9090
vn 0.3986 -0.1217 0.9090
vn 0.3672 -0.1971 0.9090
vn 0.3217 -0.2649 0.9090
vn 0.2638 -0.3226 0.9090
vn 0.1958 -0.3679 0.9090
vn 0.1203 -0.3990 0.9090
vn 0.0401 -0.4148 0.9090
vn -0.0218 -0.2170 0.9759
vn -0.0637 -0.2086 0.9759
vn -0.1032 -0.1922 0.9759
vn -0.1387 -0.1684 0.9759
vn -0.1689 -0.1381 0.9759
vn -0.1926 -0.1025 0.9759
vn -0.2088 -0.0630 0.9759
vn -0.2171 -0.0210 0.9759
vn -0.2170 0.0218 0.9759
vn -0.2086 0.0637 0.9759
vn -0.1922 0.1032 0.9759
vn -0.1684 0.1387 0.9759
vn -0.1381 0.1689 0.9759
vn -0.1025 0.1926 0.9759
vn -0.0630 0.2088 0.9759
vn -0.0210 0.2171 0.9759
vn 0.0218 0.2170 0.9759
vn 0.0637 0.2086 0.9759
vn 0.1032 0.1922 0.9759
vn 0.1387 0.1684 0.9759
vn 0.1689 0.1381 0.9759
vn 0.1926 0.1025 0.9759
vn 0.2088 0.0630 0.9759
vn 0.2171 0.0210 0.9759
vn 0.2170 -0.0218 0.9759
vn 0.2086 -0.0637 0.9759
vn 0.1922 -0.1032 0.9759
vn 0.1684 -0.1387 0.9759
vn 0.1381 -0.1689 0.9759
vn 0.1025 -0.1926 0.9759
vn 0.0630 -0.2088 0.9759
vn 0.0210 -0.2171 0.9759
vn 0.0000 0.0000 1.0000
vn -0.0000 -0.0000 -1.0000
vn -0.0000 0.0000 -1.0000
vn 0.0000 0.0000 -1.0000
vn 0.0000 -0.0000 -1.0000
vn -0.2830 -0.0020 -0.9591
vn -0.4678 -0.8744 -0.1289
vn -0.6739 -0.0049 0.7388
vn -0.4804 0.8675 -0.1289
vn -0.0020 0.2830 -0.9591
vn -0.8744 0.4678 -0.1289
vn -0.0049 0.6739 0.7388
vn 0.8675 0.4804 -0.1289
vn 0.2830 0.0020 -0.9591
vn 0.4678 0.8744 -0.1289
vn 0.6739 0.0049 0.7388
vn 0.4804 -0.8675 -0.1289
vn 0.0020 -0.2830 -0.9591
vn 0.8744 -0.4678 -0.1289
vn 0.0049 -0.6739 0.7388
vn -0.8675 -0.4804 -0.1289
vn 0.0001 0.0001 -1.0000
vn 0.6044 -0.7948 -0.0548
vn 0.5861 -0.8097 -0.0294
vn 0.5751 -0.8180 -0.0144
vn -0.1916 -0.1944 0.9620
vn -0.7699 0.6381 -0.0103
vn -0.7642 0.6446 -0.0212
vn -0.7539 0.6560 -0.0371
vn 0.0001 -0.0001 -1.0000
vn -0.7950 -0.6041 -0.0551
vn -0.8096 -0.5862 -0.0309
vn -0.8179 -0.5751 -0.0133
vn -0.1944 0.1916 0.9620
vn 0.6381 0.7699 -0.0105
vn 0.6448 0.7641 -0.0197
vn 0.6564 0.7535 -0.0375
vn -0.0001 -0.0001 -1.0000
vn -0.6078 0.7923 -0.0535
vn -0.5905 0.8065 -0.0305
vn -0.5790 0.8153 -0.0121
vn 0.1916 0.1944 0.9620
vn 0.7699 -0.6381 -0.0101
vn 0.7642 -0.6446 -0.0232
vn 0.7546 -0.6551 -0.0380
vn -0.0001 0.0001 -1.0000
vn 0.7949 0.6040 -0.0566
vn 0.8097 0.5861 -0.0295
vn 0.8180 0.5751 -0.0142
vn 0.1944 -0.1916 0.9620
vn -0.6382 -0.7698 -0.0092
vn -0.6451 -0.7639 -0.0209
vn -0.6565 -0.7534 -0.0361
vn -0.1001 -0.5229 -0.8465
vn 0.0038 -0.5324 -0.8465
vn 0.1076 -0.5214 -0.8465
vn 0.2073 -0.4904 -0.8465
vn 0.2990 -0.4405 -0.8465
vn 0.3792 -0.3737 -0.8465
vn 0.4448 -0.2926 -0.8465
vn 0.4933 -0.2002 -0.8465
vn 0.5229 -0.1001 -0.8465
vn 0.5324 0.0038 -0.8465
vn 0.5214 0.1076 -0.8465
vn 0.4904 0.2073 -0.8465
vn 0.4405 0.2990 -0.8465
vn 0.3737 0.3792 -0.8465
vn 0.2926 0.4448 -0.8465
vn 0.2002 0.4933 -0.8465
vn 0.1001 0.5229 -0.8465
vn -0.0038 0.5324 -0.8465
vn -0.1076 0.5214 -0.8465
vn -0.2073 0.4904 -0.8465
vn -0.2990 0.4405 -0.8465
vn -0.3792 0.3737 -0.8465
vn -0.4448 0.2926 -0.8465
vn -0.4933 0.2002 -0.8465
vn -0.5229 0.1001 -0.8465
vn -0.5324 -0.0039 -0.8465
vn -0.5214 -0.1076 -0.8465
vn -0.4904 -0.2073 -0.8465
vn -0.4405 -0.2990 -0.8465
vn -0.3737 -0.3792 -0.8465
vn -0.2926 -0.4448 -0.8465
vn -0.2002 -0.4933 -0.8465
vn 0.1001 0.5229 0.8465
vn 0.2002 0.4933 0.8465
vn 0.2926 0.4448 0.8465
vn 0.3737 0.3792 0.8465
vn 0.4405 0.2990 0.8465
vn 0.4904 0.2073 0.8465
vn 0.5214 0.1076 0.8465
vn 0.5324 0.0038 0.8465
vn 0.5229 -0.1001 0.8465
vn 0.4933 -0.2002 0.8465
vn 0.4448 -0.2926 0.8465
vn 0.3792 -0.3737 0.8465
vn 0.2990 -0.4405 0.8465
vn 0.2073 -0.4904 0.8465
vn 0.1076 -0.5214 0.8465
vn 0.0038 -0.5324 0.8465
vn -0.1001 -0.5229 0.8465
vn -0.2002 -0.4933 0.8465
vn -0.2926 -0.4448 0.8465
vn -0.3737 -0.3792 0.8465
vn -0.4405 -0.2990 0.8465
vn -0.4904 -0.2073 0.8465
vn -0.5214 -0.1076 0.8465
vn -0.5324 -0.0038 0.8465
vn -0.5229 0.1001 0.8465
vn -0.4933 0.2002 0.8465
vn -0.4448 0.2926 0.8465
vn -0.3792 0.3737 0.8465
vn -0.2990 0.4405 0.8465
vn -0.2073 0.4904 0.8465
vn -0.1076 0.5214 0.8465
vn -0.0038 0.5324 0.8465
vn -0.0127 0.1176 -0.9930
vn 0.0105 0.1178 -0.9930
vn 0.0332 0.1135 -0.9930
vn 0.0547 0.1048 -0.9930
vn 0.0741 0.0921 -0.9930
vn 0.0907 0.0759 -0.9930
vn 0.1038 0.0567 -0.9930
vn 0.1128 0.0354 -0.9930
vn 0.1176 0.0127 -0.9930
vn 0.1178 -0.0105 -0.9930
vn 0.1135 -0.0332 -0.9930
vn 0.1048 -0.0548 -0.9930
vn 0.0921 -0.0741 -0.9930
vn 0.0759 -0.0907 -0.9930
vn 0.0567 -0.1038 -0.9930
vn 0.0354 -0.1128 -0.9930
vn 0.0127 -0.1176 -0.9930
vn -0.0105 -0.1178 -0.9930
vn -0.0332 -0.1135 -0.9930
vn -0.0548 -0.1048 -0.9930
vn -0.0741 -0.0921 -0.9930
vn -0.0907 -0.0759 -0.9930
vn -0.1038 -0.0567 -0.9930
vn -0.1128 -0.0354 -0.9930
vn -0.1176 -0.0127 -0.9930
vn -0.1178 0.0105 -0.9930
vn -0.1135 0.0332 -0.9930
vn -0.1048 0.0548 -0.9930
vn -0.0921 0.0741 -0.9930
vn -0.0759 0.0907 -0.9930
vn -0.0567 0.1038 -0.9930
vn -0.0354 0.1128 -0.9930
vn -0.0255 0.2362 -0.9714
vn 0.0210 0.2366 -0.9714
vn 0.0668 0.2280 -0.9714
vn 0.1100 0.2106 -0.9714
vn 0.1489 0.1851 -0.9714
vn 0.1822 0.1524 -0.9714
vn 0.2084 0.1140 -0.9714
vn 0.2266 0.0711 -0.9714
vn 0.2362 0.0255 -0.9714
vn 0.2366 -0.0210 -0.9714
vn 0.2280 -0.0668 -0.9714
vn 0.2106 -0.1100 -0.9714
vn 0.1851 -0.1489 -0.9714
vn 0.1524 -0.1822 -0.9714
vn 0.1140 -0.2084 -0.9714
vn 0.0711 -0.2266 -0.9714
vn 0.0255 -0.2362 -0.9714
vn -0.0210 -0.2366 -0.9714
vn -0.0668 -0.2280 -0.9714
vn -0.1100 -0.2106 -0.9714
vn -0.1489 -0.1851 -0.9714
vn -0.1822 -0.1524 -0.9714
vn -0.2084 -0.1140 -0.9714
vn -0.2266 -0.0711 -0.9714
vn -0.2362 -0.0255 -0.9714
vn -0.2366 0.0210 -0.9714
vn -0.2280 0.0668 -0.9714
vn -0.2106 0.1100 -0.9714
vn -0.1851 0.1489 -0.9714
vn -0.1524 0.1822 -0.9714
vn -0.1140 0.2084 -0.9714
vn -0.0711 0.2266 -0.9714
vn -0.0393 0.3638 -0.9307
vn 0.0324 0.3644 -0.9307
vn 0.1029 0.3511 -0.9307
vn 0.1694 0.3243 -0.9307
vn 0.2294 0.2850 -0.9307
vn 0.2806 0.2348 -0.9307
vn 0.3210 0.1755 -0.9307
vn 0.3491 0.1095 -0.9307
vn 0.3638 0.0393 -0.9307
vn 0.3644 -0.0324 -0.9307
vn 0.3511 -0.1029 -0.9307
vn 0.3243 -0.1694 -0.9307
vn 0.2850 -0.2294 -0.9307
vn 0.2348 -0.2806 -0.9307
vn 0.1755 -0.3210 -0.9307
vn 0.1095 -0.3491 -0.9307
vn 0.0393 -0.3638 -0.9307
vn -0.0324 -0.3644 -0.9307
vn -0.1029 -0.3511 -0.9307
vn -0.1694 -0.3243 -0.9307
vn -0.2294 -0.2850 -0.9307
vn -0.2806 -0.2348 -0.9307
vn -0.3210 -0.1755 -0.9307
vn -0.3491 -0.1095 -0.9307
vn -0.3638 -0.0393 -0.9307
vn -0.3644 0.0324 -0.9307
vn -0.3511 0.1029 -0.9307
vn -0.3243 0.1694 -0.9307
vn -0.2850 0.2294 -0.9307
vn -0.2348 0.2806 -0.9307
vn -0.1755 0.3210 -0.9307
vn -0.1095 0.3491 -0.9307
vn -0.0545 0.5041 -0.8619
vn 0.0449 0.5050 -0.8619
vn 0.1426 0.4866 -0.8619
vn 0.2347 0.4494 -0.8619
vn 0.3179 0.3950 -0.8619
vn 0.3889 0.3254 -0.8619
vn 0.4449 0.2433 -0.8619
vn 0.4838 0.1518 -0.8619
vn 0.5041 0.0545 -0.8619
vn 0.5050 -0.0449 -0.8619
vn 0.4866 -0.1426 -0.8619
vn 0.4494 -0.2347 -0.8619
vn 0.3950 -0.3179 -0.8619
vn 0.3254 -0.3889 -0.8619
vn 0.2433 -0.4449 -0.8619
vn 0.1518 -0.4838 -0.8619
vn 0.0545 -0.5041 -0.8619
vn -0.0449 -0.5050 -0.8619
vn -0.1426 -0.4866 -0.8619
vn -0.2347 -0.4494 -0.8619
vn -0.3179 -0.3950 -0.8619
vn -0.3889 -0.3254 -0.8619
vn -0.4449 -0.2433 -0.8619
vn -0.4838 -0.1518 -0.8619
vn -0.5041 -0.0545 -0.8619
vn -0.5050 0.0449 -0.8619
vn -0.4866 0.1426 -0.8619
vn -0.4494 0.2347 -0.8619
vn -0.3950 0.3179 -0.8619
vn -0.3254 0.3889 -0.8619
vn -0.2433 0.4449 -0.8619
vn -0.1518 0.4838 -0.8619
vn -0.0618 0.5715 -0.8183
vn 0.0509 0.5726 -0.8183
vn 0.1616 0.5516 -0.8183
vn 0.2661 0.5095 -0.8183
vn 0.3604 0.4478 -0.8183
vn 0.4408 0.3689 -0.8183
vn 0.5043 0.2758 -0.8183
vn 0.5485 0.1721 -0.8183
vn 0.5715 0.0618 -0.8183
vn 0.5726 -0.0509 -0.8183
vn 0.5516 -0.1616 -0.8183
vn 0.5095 -0.2661 -0.8183
vn 0.4478 -0.3604 -0.8183
vn 0.3689 -0.4408 -0.8183
vn 0.2758 -0.5043 -0.8183
vn 0.1721 -0.5485 -0.8183
vn 0.0618 -0.5715 -0.8183
vn -0.0509 -0.5726 -0.8183
vn -0.1616 -0.5516 -0.8183
vn -0.2661 -0.5095 -0.8183
vn -0.3604 -0.4478 -0.8183
vn -0.4408 -0.3689 -0.8183
vn -0.5043 -0.2758 -0.8183
vn -0.5485 -0.1721 -0.8183
vn -0.5715 -0.0618 -0.8183
vn -0.5726 0.0509 -0.8183
vn -0.5516 0.1616 -0.8183
vn -0.5095 0.2661 -0.8183
vn -0.4478 0.3604 -0.8183
vn -0.3689 0.4408 -0.8183
vn -0.2758 0.5043 -0.8183
vn -0.1721 0.5485 -0.8183
vn -0.0095 1.0000 -0.0000
vn 0.1857 0.9826 -0.0000
vn 0.3739 0.9275 -0.0000
vn 0.5476 0.8367 -0.0000
vn 0.7003 0.7138 -0.0000
vn 0.8261 0.5635 -0.0000
vn 0.9202 0.3915 -0.0000
vn 0.9789 0.2044 -0.0000
vn 1.0000 0.0095 -0.0000
vn 0.9826 -0.1857 -0.0000
vn 0.9275 -0.3739 -0.0000
vn 0.8367 -0.5476 -0.0000
vn 0.7138 -0.7003 -0.0000
vn 0.5635 -0.8261 -0.0000
vn 0.3915 -0.9202 -0.0000
vn 0.2044 -0.9789 -0.0000
vn 0.0095 -1.0000 0.0000
vn -0.1857 -0.9826 0.0000
vn -0.3739 -0.9275 0.0000
vn -0.5476 -0.8367 0.0000
vn -0.7003 -0.7138 0.0000
vn -0.8261 -0.5635 0.0000
vn -0.9202 -0.3915 0.0000
vn -0.9789 -0.2044 0.0000
vn -1.0000 -0.0095 0.0000
vn -0.9826 0.1857 0.0000
vn -0.9275 0.3739 0.0000
vn -0.8367 0.5476 0.0000
vn -0.7138 0.7003 0.0000
vn -0.5635 0.8261 0.0000
vn -0.3915 0.9202 -0.0000
vn -0.2044 0.9789 -0.0000
# 882 vertex normals

vt 0.8093 0.8448 0.5331
vt 0.8093 0.8214 0.5359
vt 0.8652 0.8213 0.4924
vt 0.8653 0.8441 0.4899
vt 0.8093 0.7942 0.5358
vt 0.8652 0.7943 0.4924
vt 0.8093 0.7708 0.5331
vt 0.8653 0.7715 0.4898
vt 0.7944 0.7653 0.5212
vt 0.7944 0.7368 0.5186
vt 0.8665 0.7374 0.4629
vt 0.8665 0.7656 0.4654
vt 0.7945 0.7082 0.5149
vt 0.8665 0.7089 0.4593
vt 0.7945 0.6793 0.5103
vt 0.8665 0.6802 0.4547
vt 0.7916 0.6501 0.5049
vt 0.8636 0.6512 0.4494
vt 0.7916 0.6205 0.4991
vt 0.8636 0.6217 0.4435
vt 0.8093 0.6145 0.5094
vt 0.8094 0.5898 0.5060
vt 0.8653 0.5907 0.4628
vt 0.8653 0.6149 0.4661
vt 0.8094 0.5607 0.5001
vt 0.8653 0.5617 0.4569
vt 0.8094 0.5354 0.4935
vt 0.8653 0.5369 0.4504
vt 0.7945 0.5296 0.4809
vt 0.7946 0.4986 0.4755
vt 0.8666 0.4999 0.4198
vt 0.8666 0.5310 0.4253
vt 0.7946 0.4673 0.4706
vt 0.8666 0.4684 0.4148
vt 0.7946 0.4356 0.4666
vt 0.8666 0.4366 0.4107
vt 0.7946 0.4038 0.4635
vt 0.8666 0.4045 0.4075
vt 0.7946 0.3718 0.4614
vt 0.8666 0.3722 0.4054
vt 0.8094 0.3655 0.4727
vt 0.8095 0.3390 0.4736
vt 0.8654 0.3391 0.4299
vt 0.8654 0.3652 0.4291
vt 0.8095 0.3082 0.4736
vt 0.8654 0.3081 0.4300
vt 0.8094 0.2817 0.4727
vt 0.8654 0.2820 0.4291
vt 0.7946 0.2754 0.4615
vt 0.7946 0.2434 0.4636
vt 0.8666 0.2427 0.4076
vt 0.8666 0.2750 0.4054
vt 0.7946 0.2116 0.4667
vt 0.8666 0.2106 0.4108
vt 0.7946 0.1799 0.4707
vt 0.8666 0.1788 0.4149
vt 0.7946 0.1486 0.4755
vt 0.8666 0.1474 0.4198
vt 0.7945 0.1176 0.4810
vt 0.8666 0.1163 0.4254
vt 0.8094 0.1118 0.4936
vt 0.8094 0.0868 0.5002
vt 0.8653 0.0858 0.4570
vt 0.8653 0.1103 0.4505
vt 0.8094 0.0577 0.5061
vt 0.8653 0.0569 0.4629
vt 0.8093 0.0330 0.5095
vt 0.8653 0.0327 0.4662
vt 0.7945 0.9950 0.4992
vt 0.7945 0.9655 0.5050
vt 0.8665 0.9644 0.4495
vt 0.8665 0.9938 0.4436
vt 0.7945 0.9363 0.5104
vt 0.8665 0.9354 0.4548
vt 0.7944 0.9074 0.5150
vt 0.8665 0.9066 0.4593
vt 0.7944 0.8788 0.5187
vt 0.8665 0.8782 0.4629
vt 0.7944 0.8503 0.5212
vt 0.8665 0.8500 0.4654
vt 0.9506 0.7587 0.3206
vt 0.8863 0.7589 0.3764
vt 0.8863 0.7836 0.3752
vt 0.9506 0.7830 0.3194
vt 0.9506 0.7344 0.3206
vt 0.8863 0.7342 0.3764
vt 0.9506 0.7101 0.3194
vt 0.8863 0.7095 0.3752
vt 0.9506 0.6857 0.3171
vt 0.8863 0.6847 0.3728
vt 0.9506 0.6610 0.3137
vt 0.8863 0.6596 0.3693
vt 0.9506 0.6360 0.3094
vt 0.8863 0.6343 0.3649
vt 0.9506 0.6107 0.3043
vt 0.8863 0.6087 0.3598
vt 0.9507 0.5849 0.2987
vt 0.8863 0.5826 0.3541
vt 0.9507 0.5586 0.2927
vt 0.8863 0.5562 0.3481
vt 0.9507 0.5317 0.2866
vt 0.8863 0.5292 0.3420
vt 0.9507 0.5043 0.2806
vt 0.8863 0.5018 0.3360
vt 0.9507 0.4762 0.2749
vt 0.8863 0.4738 0.3305
vt 0.9507 0.4477 0.2698
vt 0.8863 0.4455 0.3255
vt 0.9507 0.4186 0.2654
vt 0.8864 0.4167 0.3212
vt 0.9507 0.3890 0.2620
vt 0.8864 0.3876 0.3179
vt 0.9507 0.3592 0.2596
vt 0.8864 0.3583 0.3157
vt 0.9507 0.3291 0.2584
vt 0.8864 0.3288 0.3145
vt 0.9507 0.2990 0.2584
vt 0.8864 0.2993 0.3145
vt 0.9507 0.2689 0.2596
vt 0.8864 0.2698 0.3157
vt 0.9507 0.2390 0.2620
vt 0.8864 0.2404 0.3180
vt 0.9507 0.2095 0.2655
vt 0.8864 0.2113 0.3213
vt 0.9507 0.1804 0.2698
vt 0.8863 0.1826 0.3255
vt 0.9507 0.1519 0.2750
vt 0.8863 0.1542 0.3305
vt 0.9507 0.1238 0.2807
vt 0.8863 0.1263 0.3361
vt 0.9507 0.9614 0.2867
vt 0.8863 0.9639 0.3421
vt 0.8863 0.9913 0.3361
vt 0.9507 0.9888 0.2807
vt 0.9507 0.9346 0.2928
vt 0.8863 0.9370 0.3482
vt 0.9507 0.9083 0.2988
vt 0.8863 0.9105 0.3542
vt 0.9506 0.8825 0.3044
vt 0.8863 0.8844 0.3599
vt 0.9506 0.8571 0.3095
vt 0.8863 0.8588 0.3650
vt 0.9506 0.8322 0.3138
vt 0.8863 0.8335 0.3694
vt 0.9506 0.8075 0.3171
vt 0.8863 0.8085 0.3729
vt 0.9312 0.7592 0.5225
vt 0.9312 0.7845 0.5212
vt 0.9955 0.7842 0.4654
vt 0.9955 0.7591 0.4667
vt 0.9312 0.7339 0.5225
vt 0.9955 0.7340 0.4667
vt 0.9312 0.7086 0.5212
vt 0.9955 0.7089 0.4654
vt 0.9312 0.6832 0.5186
vt 0.9955 0.6837 0.4629
vt 0.9312 0.6576 0.5149
vt 0.9955 0.6583 0.4593
vt 0.9312 0.6318 0.5103
vt 0.9956 0.6326 0.4547
vt 0.9312 0.6057 0.5049
vt 0.9956 0.6067 0.4494
vt 0.9312 0.5793 0.4991
vt 0.9956 0.5804 0.4435
vt 0.9312 0.5526 0.4929
vt 0.9956 0.5537 0.4374
vt 0.9313 0.5255 0.4868
vt 0.9956 0.5267 0.4312
vt 0.9313 0.4981 0.4809
vt 0.9956 0.4993 0.4253
vt 0.9313 0.4704 0.4755
vt 0.9956 0.4715 0.4198
vt 0.9313 0.4424 0.4706
vt 0.9956 0.4434 0.4148
vt 0.9313 0.4141 0.4666
vt 0.9957 0.4150 0.4107
vt 0.9313 0.3857 0.4635
vt 0.9957 0.3863 0.4075
vt 0.9313 0.3571 0.4614
vt 0.9957 0.3575 0.4054
vt 0.9313 0.3284 0.4604
vt 0.9957 0.3285 0.4042
vt 0.9313 0.2997 0.4604
vt 0.9957 0.2996 0.4043
vt 0.9313 0.2710 0.4615
vt 0.9957 0.2706 0.4054
vt 0.9313 0.2424 0.4636
vt 0.9957 0.2418 0.4076
vt 0.9313 0.2140 0.4667
vt 0.9957 0.2131 0.4108
vt 0.9313 0.1857 0.4707
vt 0.9956 0.1847 0.4149
vt 0.9313 0.1577 0.4755
vt 0.9956 0.1566 0.4198
vt 0.9313 0.1300 0.4810
vt 0.9956 0.1288 0.4254
vt 0.9313 0.1026 0.4869
vt 0.8863 0.0989 0.3421
vt 0.9956 0.9938 0.4254
vt 0.9956 0.9664 0.4313
vt 0.9312 0.9405 0.4930
vt 0.9313 0.9676 0.4869
vt 0.9956 0.9394 0.4375
vt 0.9312 0.9138 0.4992
vt 0.9956 0.9127 0.4436
vt 0.9312 0.8874 0.5050
vt 0.9956 0.8865 0.4495
vt 0.9312 0.8614 0.5104
vt 0.9956 0.8605 0.4548
vt 0.9312 0.8355 0.5150
vt 0.9955 0.8349 0.4593
vt 0.9312 0.8100 0.5187
vt 0.9955 0.8095 0.4629
vt 0.7944 0.8219 0.5225
vt 0.7944 0.7936 0.5225
vt 0.8665 0.7937 0.4667
vt 0.8665 0.8218 0.4667
vt 0.7945 0.5906 0.4929
vt 0.7945 0.5603 0.4868
vt 0.8666 0.5616 0.4312
vt 0.8665 0.5919 0.4374
vt 0.7946 0.3397 0.4604
vt 0.7946 0.3075 0.4604
vt 0.8666 0.3074 0.4043
vt 0.8666 0.3398 0.4042
vt 0.7945 0.0870 0.4869
vt 0.7945 0.0569 0.4930
vt 0.7945 0.0270 0.4992
vt 0.8665 0.0258 0.4436
vt 0.8665 0.0556 0.4375
vt 0.8666 0.0857 0.4313
vt 0.1949 0.4465 -0.0610
vt 0.1949 0.3882 -0.0020
vt 0.2182 0.3882 -0.0025
vt 0.2182 0.4465 -0.0614
vt 0.2416 0.3882 -0.0037
vt 0.2416 0.4465 -0.0625
vt 0.2651 0.3882 -0.0056
vt 0.2652 0.4465 -0.0641
vt 0.2889 0.4465 -0.0659
vt 0.2889 0.3882 -0.0077
vt 0.3128 0.3882 -0.0096
vt 0.3129 0.4465 -0.0676
vt 0.3369 0.3882 -0.0110
vt 0.3370 0.4465 -0.0688
vt 0.3611 0.3882 -0.0116
vt 0.3612 0.4465 -0.0693
vt 0.3853 0.3882 -0.0113
vt 0.3854 0.4465 -0.0689
vt 0.4095 0.3882 -0.0100
vt 0.4095 0.4465 -0.0677
vt 0.4336 0.3882 -0.0080
vt 0.4336 0.4465 -0.0659
vt 0.4574 0.3882 -0.0054
vt 0.4574 0.4465 -0.0636
vt 0.4810 0.4465 -0.0613
vt 0.4811 0.3882 -0.0028
vt 0.5045 0.3882 -0.0005
vt 0.5045 0.4465 -0.0592
vt 0.5278 0.3882 0.0011
vt 0.5277 0.4465 -0.0578
vt 0.5509 0.3882 0.0017
vt 0.5509 0.4465 -0.0572
vt 0.5741 0.3882 0.0013
vt 0.5740 0.4465 -0.0577
vt 0.5973 0.3882 -0.0002
vt 0.5972 0.4465 -0.0591
vt 0.6206 0.3882 -0.0027
vt 0.6205 0.4465 -0.0614
vt 0.6441 0.3882 -0.0057
vt 0.6441 0.4465 -0.0642
vt 0.6678 0.4465 -0.0672
vt 0.6679 0.3882 -0.0090
vt 0.6919 0.3882 -0.0121
vt 0.6919 0.4465 -0.0701
vt 0.7161 0.3882 -0.0146
vt 0.7161 0.4465 -0.0724
vt 0.7405 0.3882 -0.0162
vt 0.7405 0.4465 -0.0738
vt 0.7650 0.3882 -0.0166
vt 0.7649 0.4465 -0.0742
vt 0.0043 0.4465 -0.0742
vt 0.0043 0.3882 -0.0166
vt 0.0287 0.3882 -0.0159
vt 0.0287 0.4465 -0.0736
vt 0.0530 0.3882 -0.0141
vt 0.0530 0.4465 -0.0721
vt 0.0771 0.3882 -0.0117
vt 0.0772 0.4465 -0.0699
vt 0.1011 0.4465 -0.0673
vt 0.1010 0.3882 -0.0089
vt 0.1247 0.3882 -0.0062
vt 0.1248 0.4465 -0.0649
vt 0.1482 0.3882 -0.0040
vt 0.1483 0.4465 -0.0629
vt 0.1716 0.3882 -0.0025
vt 0.1716 0.4465 -0.0615
vt 0.1948 0.3250 0.0343
vt 0.2181 0.3250 0.0338
vt 0.2415 0.3250 0.0324
vt 0.2651 0.3250 0.0304
vt 0.2888 0.3250 0.0281
vt 0.3128 0.3250 0.0261
vt 0.3369 0.3250 0.0245
vt 0.3611 0.3250 0.0239
vt 0.3668 0.3823 0.0349
vt 0.3666 0.3390 0.0592
vt 0.3798 0.3390 0.0594
vt 0.3796 0.3823 0.0351
vt 0.3853 0.3250 0.0242
vt 0.4095 0.3250 0.0255
vt 0.4335 0.3250 0.0277
vt 0.4574 0.3250 0.0304
vt 0.4811 0.3250 0.0332
vt 0.5045 0.3250 0.0356
vt 0.5278 0.3250 0.0373
vt 0.5510 0.3250 0.0381
vt 0.5565 0.3823 0.0494
vt 0.5563 0.3390 0.0742
vt 0.5689 0.3390 0.0740
vt 0.5686 0.3823 0.0492
vt 0.5741 0.3250 0.0376
vt 0.5973 0.3250 0.0360
vt 0.6207 0.3250 0.0335
vt 0.6442 0.3250 0.0303
vt 0.6680 0.3250 0.0268
vt 0.6920 0.3250 0.0235
vt 0.7162 0.3250 0.0209
vt 0.7405 0.3250 0.0193
vt 0.7463 0.3823 0.0302
vt 0.7461 0.3390 0.0544
vt 0.7595 0.3391 0.0542
vt 0.7593 0.3824 0.0299
vt 0.0043 0.3250 0.0189
vt 0.0287 0.3250 0.0197
vt 0.0530 0.3250 0.0215
vt 0.0771 0.3250 0.0241
vt 0.1010 0.3250 0.0271
vt 0.1247 0.3250 0.0299
vt 0.1482 0.3250 0.0323
vt 0.1715 0.3250 0.0338
vt 0.1770 0.3823 0.0453
vt 0.1768 0.3390 0.0702
vt 0.1895 0.3390 0.0704
vt 0.1893 0.3823 0.0456
vt 0.1948 0.2592 0.0466
vt 0.2181 0.2592 0.0460
vt 0.2415 0.2592 0.0446
vt 0.2651 0.2592 0.0425
vt 0.2888 0.2592 0.0402
vt 0.3128 0.2592 0.0381
vt 0.3369 0.2592 0.0365
vt 0.3611 0.2592 0.0358
vt 0.3853 0.2592 0.0362
vt 0.4095 0.2592 0.0376
vt 0.4335 0.2592 0.0398
vt 0.4574 0.2592 0.0425
vt 0.4811 0.2592 0.0453
vt 0.5045 0.2592 0.0478
vt 0.5278 0.2592 0.0496
vt 0.5510 0.2592 0.0503
vt 0.5741 0.2592 0.0499
vt 0.5973 0.2592 0.0483
vt 0.6207 0.2592 0.0457
vt 0.6442 0.2592 0.0424
vt 0.6680 0.2592 0.0389
vt 0.6920 0.2592 0.0356
vt 0.7162 0.2592 0.0329
vt 0.7406 0.2592 0.0313
vt 0.7650 0.2592 0.0309
vt 0.7650 0.3250 0.0189
vt 0.0043 0.2592 0.0309
vt 0.0288 0.2592 0.0317
vt 0.0530 0.2592 0.0336
vt 0.0771 0.2592 0.0362
vt 0.1010 0.2592 0.0392
vt 0.1247 0.2592 0.0421
vt 0.1482 0.2592 0.0445
vt 0.1715 0.2592 0.0460
vt 0.1948 0.1934 0.0343
vt 0.2181 0.1934 0.0338
vt 0.2415 0.1934 0.0324
vt 0.2651 0.1934 0.0304
vt 0.2888 0.1934 0.0281
vt 0.3128 0.1934 0.0261
vt 0.3369 0.1934 0.0245
vt 0.3611 0.1934 0.0239
vt 0.3853 0.1934 0.0242
vt 0.4095 0.1934 0.0255
vt 0.4335 0.1934 0.0277
vt 0.4574 0.1934 0.0304
vt 0.4811 0.1934 0.0332
vt 0.5045 0.1934 0.0356
vt 0.5278 0.1934 0.0373
vt 0.5510 0.1934 0.0381
vt 0.5741 0.1934 0.0376
vt 0.5973 0.1934 0.0360
vt 0.6207 0.1934 0.0335
vt 0.6442 0.1934 0.0303
vt 0.6680 0.1934 0.0268
vt 0.6920 0.1934 0.0235
vt 0.7162 0.1934 0.0209
vt 0.7405 0.1934 0.0193
vt 0.7650 0.1934 0.0189
vt 0.0043 0.1934 0.0189
vt 0.0287 0.1934 0.0197
vt 0.0530 0.1934 0.0215
vt 0.0771 0.1934 0.0241
vt 0.1010 0.1934 0.0271
vt 0.1247 0.1934 0.0299
vt 0.1482 0.1934 0.0323
vt 0.1715 0.1934 0.0338
vt 0.1949 0.1302 -0.0020
vt 0.2182 0.1302 -0.0025
vt 0.2416 0.1302 -0.0037
vt 0.2651 0.1302 -0.0056
vt 0.2889 0.1302 -0.0077
vt 0.3128 0.1302 -0.0096
vt 0.3369 0.1302 -0.0110
vt 0.3611 0.1302 -0.0116
vt 0.3853 0.1302 -0.0113
vt 0.4095 0.1302 -0.0100
vt 0.4336 0.1302 -0.0080
vt 0.4574 0.1302 -0.0054
vt 0.4811 0.1302 -0.0028
vt 0.5045 0.1302 -0.0005
vt 0.5278 0.1302 0.0011
vt 0.5509 0.1302 0.0017
vt 0.5741 0.1302 0.0013
vt 0.5973 0.1302 -0.0002
vt 0.6206 0.1302 -0.0027
vt 0.6441 0.1302 -0.0057
vt 0.6679 0.1302 -0.0090
vt 0.6919 0.1302 -0.0121
vt 0.7161 0.1302 -0.0146
vt 0.7405 0.1302 -0.0162
vt 0.7650 0.1302 -0.0166
vt 0.0043 0.1302 -0.0166
vt 0.0287 0.1302 -0.0159
vt 0.0530 0.1302 -0.0141
vt 0.0771 0.1302 -0.0117
vt 0.1010 0.1302 -0.0089
vt 0.1247 0.1302 -0.0062
vt 0.1482 0.1302 -0.0040
vt 0.1716 0.1302 -0.0025
vt 0.1949 0.0719 -0.0610
vt 0.2182 0.0719 -0.0614
vt 0.2416 0.0719 -0.0625
vt 0.2652 0.0719 -0.0641
vt 0.2889 0.0719 -0.0659
vt 0.3129 0.0719 -0.0676
vt 0.3370 0.0719 -0.0688
vt 0.3612 0.0719 -0.0693
vt 0.3854 0.0719 -0.0689
vt 0.4095 0.0719 -0.0677
vt 0.4336 0.0719 -0.0659
vt 0.4574 0.0719 -0.0636
vt 0.4810 0.0719 -0.0613
vt 0.5045 0.0719 -0.0592
vt 0.5277 0.0719 -0.0578
vt 0.5509 0.0719 -0.0572
vt 0.5740 0.0719 -0.0577
vt 0.5972 0.0719 -0.0591
vt 0.6205 0.0719 -0.0614
vt 0.6441 0.0719 -0.0642
vt 0.6678 0.0719 -0.0672
vt 0.6919 0.0719 -0.0701
vt 0.7161 0.0719 -0.0724
vt 0.7405 0.0719 -0.0738
vt 0.7649 0.0719 -0.0742
vt 0.0043 0.0719 -0.0742
vt 0.0287 0.0719 -0.0736
vt 0.0530 0.0719 -0.0721
vt 0.0772 0.0719 -0.0699
vt 0.1011 0.0719 -0.0673
vt 0.1248 0.0719 -0.0649
vt 0.1483 0.0719 -0.0629
vt 0.1716 0.0719 -0.0615
vt 0.1966 0.0537 0.0549
vt 0.1967 0.0029 -0.0256
vt 0.2199 0.0029 -0.0258
vt 0.2198 0.0537 0.0546
vt 0.2431 0.0029 -0.0267
vt 0.2430 0.0537 0.0534
vt 0.2665 0.0029 -0.0281
vt 0.2664 0.0537 0.0517
vt 0.2901 0.0029 -0.0297
vt 0.2900 0.0537 0.0497
vt 0.3139 0.0029 -0.0311
vt 0.3138 0.0537 0.0479
vt 0.3379 0.0029 -0.0322
vt 0.3378 0.0537 0.0466
vt 0.3619 0.0029 -0.0326
vt 0.3618 0.0537 0.0461
vt 0.3859 0.0029 -0.0322
vt 0.3859 0.0537 0.0464
vt 0.4099 0.0029 -0.0311
vt 0.4099 0.0537 0.0477
vt 0.4338 0.0029 -0.0294
vt 0.4338 0.0537 0.0496
vt 0.4575 0.0029 -0.0274
vt 0.4575 0.0537 0.0520
vt 0.4810 0.0029 -0.0253
vt 0.4810 0.0537 0.0545
vt 0.5042 0.0029 -0.0235
vt 0.5043 0.0537 0.0567
vt 0.5273 0.0029 -0.0222
vt 0.5274 0.0537 0.0582
vt 0.5503 0.0029 -0.0217
vt 0.5504 0.0537 0.0588
vt 0.5733 0.0029 -0.0222
vt 0.5734 0.0537 0.0583
vt 0.5964 0.0029 -0.0235
vt 0.5965 0.0537 0.0568
vt 0.6196 0.0029 -0.0256
vt 0.6197 0.0537 0.0545
vt 0.6429 0.0029 -0.0283
vt 0.6431 0.0537 0.0515
vt 0.6666 0.0029 -0.0311
vt 0.6667 0.0537 0.0484
vt 0.6904 0.0029 -0.0337
vt 0.6905 0.0537 0.0454
vt 0.7145 0.0029 -0.0358
vt 0.7146 0.0537 0.0430
vt 0.7388 0.0029 -0.0372
vt 0.7388 0.0537 0.0415
vt 0.7631 0.0029 -0.0376
vt 0.7631 0.0537 0.0410
vt 0.0072 0.0537 0.0410
vt 0.0071 0.0029 -0.0376
vt 0.0314 0.0029 -0.0371
vt 0.0314 0.0537 0.0417
vt 0.0556 0.0029 -0.0357
vt 0.0556 0.0537 0.0434
vt 0.0796 0.0029 -0.0337
vt 0.0796 0.0537 0.0457
vt 0.1034 0.0029 -0.0314
vt 0.1033 0.0537 0.0483
vt 0.1269 0.0029 -0.0292
vt 0.1269 0.0537 0.0509
vt 0.1503 0.0029 -0.0273
vt 0.1502 0.0537 0.0530
vt 0.1735 0.0029 -0.0261
vt 0.1734 0.0537 0.0544
vt 0.1787 0.6036 0.8290
vt 0.1851 0.6523 0.8335
vt 0.1582 0.6581 0.8076
vt 0.1424 0.6117 0.7800
vt 0.1331 0.6691 0.7854
vt 0.1085 0.6268 0.7440
vt 0.1105 0.6849 0.7689
vt 0.0782 0.6483 0.7197
vt 0.0914 0.7049 0.7599
vt 0.0527 0.6753 0.7060
vt 0.0764 0.7284 0.7596
vt 0.0328 0.7067 0.7042
vt 0.0661 0.7543 0.7691
vt 0.0193 0.7414 0.7158
vt 0.0610 0.7818 0.7886
vt 0.0126 0.7781 0.7416
vt 0.0612 0.8097 0.8174
vt 0.0128 0.8151 0.7808
vt 0.0664 0.8370 0.8538
vt 0.0199 0.8516 0.8308
vt 0.0766 0.8628 0.8956
vt 0.0338 0.8861 0.8883
vt 0.0916 0.8861 0.9404
vt 0.0540 0.9173 0.9501
vt 0.1108 0.9060 0.9854
vt 0.0799 0.9441 1.0130
vt 0.1334 0.9217 1.0282
vt 0.1107 0.9652 1.0748
vt 0.1587 0.9325 1.0662
vt 0.1451 0.9797 1.1339
vt 0.1856 0.9380 1.0966
vt 0.1817 0.9870 1.1875
vt 0.2131 0.9380 1.1172
vt 0.2190 0.9867 1.2271
vt 0.2400 0.9324 1.1262
vt 0.2555 0.9789 1.2428
vt 0.2654 0.9215 1.1237
vt 0.2897 0.9639 1.2348
vt 0.2881 0.9056 1.1114
vt 0.3202 0.9424 1.2106
vt 0.3074 0.8856 1.0918
vt 0.3459 0.9154 1.1772
vt 0.3225 0.8621 1.0679
vt 0.3660 0.8839 1.1398
vt 0.3328 0.8361 1.0422
vt 0.3796 0.8491 1.1026
vt 0.3380 0.8085 1.0171
vt 0.3864 0.8122 1.0688
vt 0.3379 0.7805 0.9941
vt 0.3862 0.7750 1.0405
vt 0.3326 0.7530 0.9739
vt 0.3790 0.7384 1.0185
vt 0.3223 0.7271 0.9564
vt 0.3651 0.7038 1.0024
vt 0.3072 0.7037 0.9404
vt 0.3447 0.6724 0.9900
vt 0.2879 0.6838 0.9244
vt 0.3185 0.6457 0.9775
vt 0.2651 0.6682 0.9064
vt 0.2875 0.6246 0.9598
vt 0.2397 0.6574 0.8850
vt 0.2530 0.6102 0.9303
vt 0.2126 0.6520 0.8602
vt 0.2162 0.6031 0.8844
vt 0.1902 0.7002 0.8432
vt 0.1725 0.7041 0.8302
vt 0.1559 0.7113 0.8193
vt 0.1409 0.7218 0.8117
vt 0.1282 0.7350 0.8084
vt 0.1183 0.7506 0.8102
vt 0.1114 0.7678 0.8175
vt 0.1080 0.7860 0.8305
vt 0.1081 0.8048 0.8486
vt 0.1116 0.8231 0.8710
vt 0.1184 0.8403 0.8964
vt 0.1284 0.8558 0.9233
vt 0.1411 0.8689 0.9501
vt 0.1561 0.8793 0.9752
vt 0.1727 0.8864 0.9971
vt 0.1904 0.8900 1.0144
vt 0.2085 0.8900 1.0262
vt 0.2262 0.8863 1.0321
vt 0.2429 0.8791 1.0320
vt 0.2579 0.8686 1.0265
vt 0.2707 0.8554 1.0166
vt 0.2807 0.8398 1.0036
vt 0.2876 0.8225 0.9886
vt 0.2911 0.8042 0.9727
vt 0.2910 0.7854 0.9570
vt 0.2875 0.7670 0.9418
vt 0.2806 0.7498 0.9273
vt 0.2705 0.7342 0.9134
vt 0.2578 0.7211 0.8998
vt 0.2427 0.7107 0.8860
vt 0.2260 0.7036 0.8718
vt 0.2083 0.7001 0.8574
vt 0.1950 0.7478 0.8646
vt 0.1862 0.7497 0.8595
vt 0.1779 0.7533 0.8558
vt 0.1704 0.7585 0.8538
vt 0.1641 0.7651 0.8538
vt 0.1591 0.7729 0.8560
vt 0.1557 0.7815 0.8604
vt 0.1540 0.7905 0.8671
vt 0.1540 0.7999 0.8756
vt 0.1558 0.8091 0.8857
vt 0.1592 0.8177 0.8970
vt 0.1642 0.8254 0.9087
vt 0.1706 0.8320 0.9203
vt 0.1780 0.8371 0.9312
vt 0.1863 0.8407 0.9408
vt 0.1951 0.8424 0.9486
vt 0.2041 0.8424 0.9543
vt 0.2129 0.8405 0.9576
vt 0.2212 0.8370 0.9585
vt 0.2286 0.8317 0.9572
vt 0.2350 0.8251 0.9538
vt 0.2400 0.8174 0.9488
vt 0.2434 0.8088 0.9424
vt 0.2451 0.7997 0.9350
vt 0.2451 0.7903 0.9270
vt 0.2433 0.7811 0.9186
vt 0.2398 0.7724 0.9101
vt 0.2348 0.7647 0.9017
vt 0.2285 0.7581 0.8934
vt 0.2210 0.7530 0.8854
vt 0.2127 0.7495 0.8778
vt 0.2039 0.7477 0.8708
vt 0.1996 0.7951 0.9008
vt 0.6894 0.9762 0.0000
vt 0.6832 0.9700 0.0000
vt 0.7176 0.9415 0.0000
vt 0.6783 0.9627 0.0000
vt 0.6749 0.9547 0.0000
vt 0.6731 0.9461 0.0000
vt 0.6731 0.9373 0.0000
vt 0.6748 0.9287 0.0000
vt 0.6781 0.9206 0.0000
vt 0.6830 0.9133 0.0000
vt 0.6892 0.9071 0.0000
vt 0.6964 0.9022 0.0000
vt 0.7045 0.8988 0.0000
vt 0.7131 0.8970 0.0000
vt 0.7219 0.8970 0.0000
vt 0.7305 0.8987 0.0000
vt 0.7386 0.9020 0.0000
vt 0.7459 0.9069 0.0000
vt 0.7521 0.9131 0.0000
vt 0.7570 0.9203 0.0000
vt 0.7604 0.9284 0.0000
vt 0.7621 0.9370 0.0000
vt 0.7622 0.9458 0.0000
vt 0.7605 0.9544 0.0000
vt 0.7571 0.9625 0.0000
vt 0.7523 0.9698 0.0000
vt 0.7461 0.9760 0.0000
vt 0.7388 0.9809 0.0000
vt 0.7307 0.9843 0.0000
vt 0.7222 0.9860 0.0000
vt 0.7134 0.9861 0.0000
vt 0.7048 0.9844 0.0000
vt 0.6967 0.9810 0.0000
vt 0.7592 0.3823 0.0299
vt 0.7650 0.3251 0.0189
vt 0.7651 0.3884 -0.0166
vt 0.4450 0.9739 0.0000
vt 0.4235 0.9767 0.0000
vt 0.4238 0.8602 0.0000
vt 0.6734 0.8802 0.0000
vt 0.6649 0.9137 0.0000
vt 0.5712 0.9053 0.0000
vt 0.5710 0.8802 0.0000
vt 0.6596 0.9501 0.0000
vt 0.5711 0.9415 0.0000
vt 0.6578 0.9879 0.0000
vt 0.5709 0.9584 0.0000
vt 0.4726 0.5662 0.0000
vt 0.4992 0.5659 0.0000
vt 0.4915 0.6611 0.0000
vt 0.5742 0.7881 0.0000
vt 0.5723 0.7492 0.0000
vt 0.6569 0.7405 0.0000
vt 0.6570 0.7578 0.0000
vt 0.5668 0.7119 0.0000
vt 0.6570 0.7032 0.0000
vt 0.5578 0.6774 0.0000
vt 0.6571 0.6774 0.0000
vt 0.7114 0.4544 0.0000
vt 0.7328 0.4516 0.0000
vt 0.7325 0.5681 0.0000
vt 0.7834 0.6602 0.0000
vt 0.7748 0.6937 0.0000
vt 0.6809 0.6853 0.0000
vt 0.6809 0.6602 0.0000
vt 0.7695 0.7301 0.0000
vt 0.6809 0.7215 0.0000
vt 0.7677 0.7679 0.0000
vt 0.6809 0.7384 0.0000
vt 0.7063 0.5465 0.0000
vt 0.6798 0.5468 0.0000
vt 0.6875 0.4516 0.0000
vt 0.4573 0.7881 0.0000
vt 0.4554 0.7493 0.0000
vt 0.5403 0.7405 0.0000
vt 0.5402 0.7578 0.0000
vt 0.4499 0.7119 0.0000
vt 0.5402 0.7032 0.0000
vt 0.4409 0.6774 0.0000
vt 0.5402 0.6774 0.0000
vt 0.2945 0.5033 0.0000
vt 0.3162 0.5028 0.0000
vt 0.3040 0.6203 0.0000
vt 0.5548 0.8834 0.0000
vt 0.5462 0.9169 0.0000
vt 0.4512 0.9085 0.0000
vt 0.4511 0.8834 0.0000
vt 0.5409 0.9533 0.0000
vt 0.4510 0.9400 0.0000
vt 0.5391 0.9912 0.0000
vt 0.4509 0.9611 0.0000
vt 0.6621 0.5482 0.0000
vt 0.6356 0.5485 0.0000
vt 0.6434 0.4516 0.0000
vt 0.5637 0.6690 0.0000
vt 0.5618 0.6301 0.0000
vt 0.6480 0.6164 0.0000
vt 0.6480 0.6381 0.0000
vt 0.5563 0.5927 0.0000
vt 0.6481 0.5841 0.0000
vt 0.5473 0.5583 0.0000
vt 0.6482 0.5583 0.0000
vt 0.4095 0.9783 0.0000
vt 0.3881 0.9811 0.0000
vt 0.3884 0.8645 0.0000
vt 0.7869 0.7798 0.0000
vt 0.7783 0.8133 0.0000
vt 0.6844 0.8049 0.0000
vt 0.6844 0.7798 0.0000
vt 0.7731 0.8497 0.0000
vt 0.6844 0.8411 0.0000
vt 0.7713 0.8874 0.0000
vt 0.6844 0.8580 0.0000
vt 0.6736 0.5585 0.0000
vt 0.7002 0.5583 0.0000
vt 0.6925 0.6535 0.0000
vt 0.3551 0.6072 0.0000
vt 0.3533 0.5683 0.0000
vt 0.4381 0.5596 0.0000
vt 0.4381 0.5769 0.0000
vt 0.3477 0.5309 0.0000
vt 0.4381 0.5223 0.0000
vt 0.3388 0.4965 0.0000
vt 0.4381 0.4965 0.0000
vt 0.2198 0.0591 0.0330
vt 0.1966 0.0591 0.0333
vt 0.1735 0.0591 0.0328
vt 0.1502 0.0591 0.0314
vt 0.1269 0.0591 0.0294
vt 0.1033 0.0591 0.0269
vt 0.0796 0.0591 0.0243
vt 0.0556 0.0591 0.0221
vt 0.0314 0.0591 0.0205
vt 0.0071 0.0591 0.0199
vt 0.7631 0.0591 0.0199
vt 0.7388 0.0591 0.0203
vt 0.7146 0.0591 0.0218
vt 0.6905 0.0591 0.0241
vt 0.6666 0.0591 0.0270
vt 0.6430 0.0591 0.0301
vt 0.6196 0.0591 0.0330
vt 0.5965 0.0591 0.0352
vt 0.5734 0.0591 0.0367
vt 0.5504 0.0591 0.0371
vt 0.5274 0.0591 0.0366
vt 0.5043 0.0591 0.0351
vt 0.4810 0.0591 0.0330
vt 0.4575 0.0591 0.0307
vt 0.4338 0.0591 0.0284
vt 0.4099 0.0591 0.0265
vt 0.3859 0.0591 0.0253
vt 0.3618 0.0591 0.0249
vt 0.3378 0.0591 0.0254
vt 0.3138 0.0591 0.0267
vt 0.2901 0.0591 0.0284
vt 0.2665 0.0591 0.0302
vt 0.2430 0.0591 0.0318
vt 0.1967 0.0083 -0.0472
vt 0.2199 0.0083 -0.0474
vt 0.2432 0.0083 -0.0483
vt 0.2666 0.0083 -0.0496
vt 0.2902 0.0083 -0.0511
vt 0.3140 0.0083 -0.0524
vt 0.3379 0.0083 -0.0534
vt 0.3619 0.0083 -0.0537
vt 0.3860 0.0083 -0.0534
vt 0.4100 0.0083 -0.0523
vt 0.4338 0.0083 -0.0507
vt 0.4575 0.0083 -0.0487
vt 0.4810 0.0083 -0.0467
vt 0.5042 0.0083 -0.0450
vt 0.5273 0.0083 -0.0438
vt 0.5503 0.0083 -0.0434
vt 0.5733 0.0083 -0.0438
vt 0.5963 0.0083 -0.0451
vt 0.6195 0.0083 -0.0472
vt 0.6429 0.0083 -0.0497
vt 0.6665 0.0083 -0.0524
vt 0.6904 0.0083 -0.0550
vt 0.7145 0.0083 -0.0570
vt 0.7387 0.0083 -0.0583
vt 0.7631 0.0083 -0.0588
vt 0.0071 0.0083 -0.0588
vt 0.0314 0.0083 -0.0583
vt 0.0556 0.0083 -0.0570
vt 0.0796 0.0083 -0.0551
vt 0.1034 0.0083 -0.0529
vt 0.1269 0.0083 -0.0507
vt 0.1503 0.0083 -0.0489
vt 0.1735 0.0083 -0.0477
vt 0.0684 0.5181 0.0000
vt 0.0617 0.5308 0.0000
vt 0.0593 0.5293 0.0000
vt 0.0573 0.5273 0.0000
vt 0.0557 0.5249 0.0000
vt 0.0546 0.5223 0.0000
vt 0.0541 0.5196 0.0000
vt 0.0541 0.5167 0.0000
vt 0.0546 0.5140 0.0000
vt 0.0557 0.5114 0.0000
vt 0.0573 0.5090 0.0000
vt 0.0593 0.5070 0.0000
vt 0.0616 0.5054 0.0000
vt 0.0642 0.5044 0.0000
vt 0.0670 0.5038 0.0000
vt 0.0698 0.5038 0.0000
vt 0.0725 0.5043 0.0000
vt 0.0752 0.5054 0.0000
vt 0.0775 0.5070 0.0000
vt 0.0795 0.5090 0.0000
vt 0.0811 0.5113 0.0000
vt 0.0822 0.5139 0.0000
vt 0.0827 0.5167 0.0000
vt 0.0827 0.5195 0.0000
vt 0.0822 0.5223 0.0000
vt 0.0811 0.5249 0.0000
vt 0.0795 0.5272 0.0000
vt 0.0776 0.5292 0.0000
vt 0.0752 0.5308 0.0000
vt 0.0726 0.5319 0.0000
vt 0.0698 0.5324 0.0000
vt 0.0670 0.5324 0.0000
vt 0.0643 0.5319 0.0000
vt 0.0552 0.5430 0.0000
vt 0.0506 0.5400 0.0000
vt 0.0466 0.5361 0.0000
vt 0.0436 0.5315 0.0000
vt 0.0414 0.5264 0.0000
vt 0.0403 0.5209 0.0000
vt 0.0403 0.5154 0.0000
vt 0.0414 0.5100 0.0000
vt 0.0435 0.5049 0.0000
vt 0.0466 0.5003 0.0000
vt 0.0505 0.4963 0.0000
vt 0.0551 0.4933 0.0000
vt 0.0602 0.4911 0.0000
vt 0.0656 0.4900 0.0000
vt 0.0711 0.4900 0.0000
vt 0.0765 0.4911 0.0000
vt 0.0816 0.4932 0.0000
vt 0.0863 0.4963 0.0000
vt 0.0902 0.5002 0.0000
vt 0.0933 0.5048 0.0000
vt 0.0954 0.5099 0.0000
vt 0.0965 0.5153 0.0000
vt 0.0965 0.5208 0.0000
vt 0.0954 0.5262 0.0000
vt 0.0933 0.5314 0.0000
vt 0.0902 0.5360 0.0000
vt 0.0863 0.5399 0.0000
vt 0.0818 0.5430 0.0000
vt 0.0767 0.5451 0.0000
vt 0.0712 0.5462 0.0000
vt 0.0657 0.5462 0.0000
vt 0.0603 0.5451 0.0000
vt 0.0492 0.5543 0.0000
vt 0.0425 0.5498 0.0000
vt 0.0368 0.5442 0.0000
vt 0.0323 0.5375 0.0000
vt 0.0292 0.5301 0.0000
vt 0.0277 0.5222 0.0000
vt 0.0276 0.5142 0.0000
vt 0.0292 0.5063 0.0000
vt 0.0322 0.4989 0.0000
vt 0.0367 0.4922 0.0000
vt 0.0424 0.4865 0.0000
vt 0.0490 0.4820 0.0000
vt 0.0564 0.4789 0.0000
vt 0.0643 0.4774 0.0000
vt 0.0723 0.4773 0.0000
vt 0.0802 0.4789 0.0000
vt 0.0876 0.4820 0.0000
vt 0.0943 0.4864 0.0000
vt 0.1000 0.4921 0.0000
vt 0.1045 0.4987 0.0000
vt 0.1076 0.5061 0.0000
vt 0.1092 0.5140 0.0000
vt 0.1092 0.5220 0.0000
vt 0.1076 0.5299 0.0000
vt 0.1046 0.5373 0.0000
vt 0.1001 0.5440 0.0000
vt 0.0945 0.5497 0.0000
vt 0.0878 0.5542 0.0000
vt 0.0804 0.5573 0.0000
vt 0.0725 0.5589 0.0000
vt 0.0645 0.5589 0.0000
vt 0.0566 0.5573 0.0000
vt 0.0439 0.5641 0.0000
vt 0.0354 0.5585 0.0000
vt 0.0282 0.5513 0.0000
vt 0.0225 0.5428 0.0000
vt 0.0186 0.5334 0.0000
vt 0.0165 0.5233 0.0000
vt 0.0165 0.5131 0.0000
vt 0.0185 0.5031 0.0000
vt 0.0224 0.4936 0.0000
vt 0.0280 0.4851 0.0000
vt 0.0352 0.4779 0.0000
vt 0.0437 0.4722 0.0000
vt 0.0532 0.4683 0.0000
vt 0.0632 0.4663 0.0000
vt 0.0734 0.4662 0.0000
vt 0.0834 0.4682 0.0000
vt 0.0929 0.4721 0.0000
vt 0.1014 0.4777 0.0000
vt 0.1086 0.4850 0.0000
vt 0.1143 0.4934 0.0000
vt 0.1183 0.5029 0.0000
vt 0.1203 0.5129 0.0000
vt 0.1203 0.5231 0.0000
vt 0.1183 0.5331 0.0000
vt 0.1144 0.5426 0.0000
vt 0.1088 0.5511 0.0000
vt 0.1016 0.5583 0.0000
vt 0.0931 0.5640 0.0000
vt 0.0836 0.5680 0.0000
vt 0.0736 0.5700 0.0000
vt 0.0634 0.5700 0.0000
vt 0.0534 0.5680 0.0000
vt 0.0396 0.5722 0.0000
vt 0.0296 0.5656 0.0000
vt 0.0211 0.5571 0.0000
vt 0.0144 0.5471 0.0000
vt 0.0098 0.5360 0.0000
vt 0.0074 0.5243 0.0000
vt 0.0074 0.5122 0.0000
vt 0.0097 0.5004 0.0000
vt 0.0143 0.4893 0.0000
vt 0.0209 0.4793 0.0000
vt 0.0294 0.4708 0.0000
vt 0.0394 0.4641 0.0000
vt 0.0505 0.4595 0.0000
vt 0.0623 0.4571 0.0000
vt 0.0743 0.4571 0.0000
vt 0.0861 0.4594 0.0000
vt 0.0972 0.4640 0.0000
vt 0.1072 0.4706 0.0000
vt 0.1157 0.4791 0.0000
vt 0.1224 0.4891 0.0000
vt 0.1270 0.5002 0.0000
vt 0.1294 0.5120 0.0000
vt 0.1294 0.5240 0.0000
vt 0.1271 0.5358 0.0000
vt 0.1225 0.5469 0.0000
vt 0.1159 0.5569 0.0000
vt 0.1074 0.5654 0.0000
vt 0.0974 0.5721 0.0000
vt 0.0863 0.5767 0.0000
vt 0.0745 0.5791 0.0000
vt 0.0625 0.5791 0.0000
vt 0.0507 0.5768 0.0000
vt 0.3572 0.6120 0.0000
vt 0.3630 0.5532 0.0000
vt 0.3630 0.6708 0.0000
vt 0.0994 0.8661 0.0000
vt 0.0823 0.8095 0.0000
vt 0.1500 0.7683 0.0000
vt 0.1221 0.7162 0.0000
vt 0.1875 0.8140 0.0000
vt 0.2332 0.8515 0.0000
vt 0.2853 0.8793 0.0000
vt 0.3418 0.8965 0.0000
vt 0.4006 0.9023 0.0000
vt 0.4594 0.8965 0.0000
vt 0.5160 0.8793 0.0000
vt 0.5681 0.8515 0.0000
vt 0.6138 0.8140 0.0000
vt 0.6513 0.7683 0.0000
vt 0.6791 0.7162 0.0000
# 1042 texture coords

g Object002
usemtl Material__27
s 1
f 1/1/1 2/2/2 3/3/3 4/4/4 
f 2/2/2 5/5/5 6/6/6 3/3/3 
f 5/5/5 7/7/7 8/8/8 6/6/6 
f 9/9/9 10/10/10 11/11/10 12/12/11 
f 10/10/10 13/13/12 14/14/12 11/11/10 
f 13/13/12 15/15/13 16/16/13 14/14/12 
f 15/15/13 17/17/14 18/18/15 16/16/13 
f 17/17/14 19/19/16 20/20/17 18/18/15 
f 21/21/18 22/22/19 23/23/20 24/24/21 
f 22/22/19 25/25/22 26/26/23 23/23/20 
f 25/25/22 27/27/24 28/28/25 26/26/23 
f 29/29/26 30/30/27 31/31/27 32/32/28 
f 30/30/27 33/33/29 34/34/29 31/31/27 
f 33/33/29 35/35/30 36/36/30 34/34/29 
f 35/35/30 37/37/31 38/38/31 36/36/30 
f 37/37/31 39/39/32 40/40/33 38/38/31 
f 41/41/34 42/42/35 43/43/36 44/44/37 
f 42/42/35 45/45/38 46/46/39 43/43/36 
f 45/45/38 47/47/40 48/48/41 46/46/39 
f 49/49/42 50/50/43 51/51/43 52/52/44 
f 50/50/43 53/53/45 54/54/45 51/51/43 
f 53/53/45 55/55/46 56/56/46 54/54/45 
f 55/55/46 57/57/47 58/58/47 56/56/46 
f 57/57/47 59/59/48 60/60/49 58/58/47 
f 61/61/50 62/62/51 63/63/52 64/64/53 
f 62/62/51 65/65/54 66/66/55 63/63/52 
f 65/65/54 67/67/56 68/68/57 66/66/55 
f 69/69/58 70/70/59 71/71/59 72/72/60 
f 70/70/59 73/73/61 74/74/61 71/71/59 
f 73/73/61 75/75/62 76/76/62 74/74/61 
f 75/75/62 77/77/63 78/78/63 76/76/62 
f 77/77/63 79/79/64 80/80/65 78/78/63 
s off
f 81/81/66 82/82/66 83/83/66 84/84/66 
f 85/85/67 86/86/67 82/82/67 81/81/67 
f 87/87/68 88/88/68 86/86/68 85/85/68 
f 89/89/69 90/90/69 88/88/69 87/87/69 
f 91/91/70 92/92/70 90/90/70 89/89/70 
f 93/93/71 94/94/71 92/92/71 91/91/71 
f 95/95/72 96/96/72 94/94/72 93/93/72 
f 97/97/73 98/98/73 96/96/73 95/95/73 
f 99/99/74 100/100/74 98/98/74 97/97/74 
f 101/101/75 102/102/75 100/100/75 99/99/75 
f 103/103/76 104/104/76 102/102/76 101/101/76 
f 105/105/77 106/106/77 104/104/77 103/103/77 
f 107/107/78 108/108/78 106/106/78 105/105/78 
f 109/109/79 110/110/79 108/108/79 107/107/79 
f 111/111/80 112/112/80 110/110/80 109/109/80 
f 113/113/81 114/114/81 112/112/81 111/111/81 
f 115/115/82 116/116/82 114/114/82 113/113/82 
f 117/117/83 118/118/83 116/116/83 115/115/83 
f 119/119/84 120/120/84 118/118/84 117/117/84 
f 121/121/85 122/122/85 120/120/85 119/119/85 
f 123/123/86 124/124/86 122/122/86 121/121/86 
f 125/125/87 126/126/87 124/124/87 123/123/87 
f 127/127/88 128/128/88 126/126/88 125/125/88 
f 129/129/89 130/130/89 128/128/89 127/127/89 
f 131/131/90 132/132/90 130/133/90 129/134/90 
f 133/135/91 134/136/91 132/132/91 131/131/91 
f 135/137/92 136/138/92 134/136/92 133/135/92 
f 137/139/93 138/140/93 136/138/93 135/137/93 
f 139/141/94 140/142/94 138/140/94 137/139/94 
f 141/143/95 142/144/95 140/142/95 139/141/95 
f 143/145/96 144/146/96 142/144/96 141/143/96 
f 84/84/97 83/83/97 144/146/97 143/145/97 
f 145/147/98 79/148/98 83/83/98 82/82/98 
f 80/149/99 146/150/99 81/81/99 84/84/99 
f 147/151/100 145/147/100 82/82/100 86/86/100 
f 146/150/101 148/152/101 85/85/101 81/81/101 
f 9/153/102 147/151/102 86/86/102 88/88/102 
f 148/152/103 12/154/103 87/87/103 85/85/103 
f 10/155/104 9/153/104 88/88/104 90/90/104 
f 12/154/105 11/156/105 89/89/105 87/87/105 
f 13/157/106 10/155/106 90/90/106 92/92/106 
f 11/156/107 14/158/107 91/91/107 89/89/107 
f 15/159/108 13/157/108 92/92/108 94/94/108 
f 14/158/109 16/160/109 93/93/109 91/91/109 
f 17/161/110 15/159/110 94/94/110 96/96/110 
f 16/160/111 18/162/111 95/95/111 93/93/111 
f 19/163/112 17/161/112 96/96/112 98/98/112 
f 18/162/113 20/164/113 97/97/113 95/95/113 
f 149/165/114 19/163/114 98/98/114 100/100/114 
f 20/164/115 150/166/115 99/99/115 97/97/115 
f 151/167/116 149/165/116 100/100/116 102/102/116 
f 150/166/117 152/168/117 101/101/117 99/99/117 
f 29/169/118 151/167/118 102/102/118 104/104/118 
f 152/168/119 32/170/119 103/103/119 101/101/119 
f 30/171/120 29/169/120 104/104/120 106/106/120 
f 32/170/121 31/172/121 105/105/121 103/103/121 
f 33/173/122 30/171/122 106/106/122 108/108/122 
f 31/172/123 34/174/123 107/107/123 105/105/123 
f 35/175/124 33/173/124 108/108/124 110/110/124 
f 34/174/125 36/176/125 109/109/125 107/107/125 
f 37/177/126 35/175/126 110/110/126 112/112/126 
f 36/176/127 38/178/127 111/111/127 109/109/127 
f 39/179/128 37/177/128 112/112/128 114/114/128 
f 38/178/129 40/180/129 113/113/129 111/111/129 
f 153/181/130 39/179/130 114/114/130 116/116/130 
f 40/180/131 154/182/131 115/115/131 113/113/131 
f 155/183/132 153/181/132 116/116/132 118/118/132 
f 154/182/133 156/184/133 117/117/133 115/115/133 
f 49/185/134 155/183/134 118/118/134 120/120/134 
f 156/184/135 52/186/135 119/119/135 117/117/135 
f 50/187/136 49/185/136 120/120/136 122/122/136 
f 52/186/137 51/188/137 121/121/137 119/119/137 
f 53/189/138 50/187/138 122/122/138 124/124/138 
f 51/188/139 54/190/139 123/123/139 121/121/139 
f 55/191/140 53/189/140 124/124/140 126/126/140 
f 54/190/141 56/192/141 125/125/141 123/123/141 
f 57/193/142 55/191/142 126/126/142 128/128/142 
f 56/192/143 58/194/143 127/127/143 125/125/143 
f 59/195/144 57/193/144 128/128/144 130/130/144 
f 58/194/145 60/196/145 129/129/145 127/127/145 
f 157/197/146 59/195/146 130/130/146 132/198/146 
f 60/199/147 158/200/147 131/131/147 129/134/147 
f 159/201/148 157/202/148 132/132/148 134/136/148 
f 158/200/149 160/203/149 133/135/149 131/131/149 
f 69/204/150 159/201/150 134/136/150 136/138/150 
f 160/203/151 72/205/151 135/137/151 133/135/151 
f 70/206/152 69/204/152 136/138/152 138/140/152 
f 72/205/153 71/207/153 137/139/153 135/137/153 
f 73/208/154 70/206/154 138/140/154 140/142/154 
f 71/207/155 74/209/155 139/141/155 137/139/155 
f 75/210/156 73/208/156 140/142/156 142/144/156 
f 74/209/157 76/211/157 141/143/157 139/141/157 
f 77/212/158 75/210/158 142/144/158 144/146/158 
f 76/211/159 78/213/159 143/145/159 141/143/159 
f 79/148/160 77/212/160 144/146/160 83/83/160 
f 78/213/161 80/149/161 84/84/161 143/145/161 
f 79/79/162 145/214/162 2/2/162 1/1/162 
f 145/214/163 147/215/163 5/5/163 2/2/163 
f 147/215/164 9/9/164 7/7/164 5/5/164 
s 1
f 9/9/9 12/12/11 8/8/8 7/7/7 
s off
f 12/12/165 148/216/165 6/6/165 8/8/165 
f 148/216/166 146/217/166 3/3/166 6/6/166 
f 146/217/167 80/80/167 4/4/167 3/3/167 
s 1
f 80/80/65 79/79/64 1/1/1 4/4/4 
f 20/20/17 19/19/16 21/21/18 24/24/21 
s off
f 19/19/168 149/218/168 22/22/168 21/21/168 
f 149/218/169 151/219/169 25/25/169 22/22/169 
f 151/219/170 29/29/170 27/27/170 25/25/170 
s 1
f 29/29/26 32/32/28 28/28/25 27/27/24 
s off
f 32/32/171 152/220/171 26/26/171 28/28/171 
f 152/220/172 150/221/172 23/23/172 26/26/172 
f 150/221/173 20/20/173 24/24/173 23/23/173 
s 1
f 40/40/33 39/39/32 41/41/34 44/44/37 
s off
f 39/39/174 153/222/174 42/42/174 41/41/174 
f 153/222/175 155/223/175 45/45/175 42/42/175 
f 155/223/176 49/49/176 47/47/176 45/45/176 
s 1
f 49/49/42 52/52/44 48/48/41 47/47/40 
s off
f 52/52/177 156/224/177 46/46/177 48/48/177 
f 156/224/178 154/225/178 43/43/178 46/46/178 
f 154/225/179 40/40/179 44/44/179 43/43/179 
s 1
f 60/60/49 59/59/48 61/61/50 64/64/53 
s off
f 59/59/180 157/226/180 62/62/180 61/61/180 
f 157/226/181 159/227/181 65/65/181 62/62/181 
f 159/227/182 69/228/182 67/67/182 65/65/182 
s 1
f 69/228/58 72/229/60 68/68/57 67/67/56 
s off
f 72/229/183 160/230/183 66/66/183 68/68/183 
f 160/230/184 158/231/184 63/63/184 66/66/184 
f 158/231/185 60/60/185 64/64/185 63/63/185 
s 1
f 161/232/186 162/233/187 163/234/188 164/235/189 
f 164/235/189 163/234/188 165/236/190 166/237/191 
f 166/237/191 165/236/190 167/238/192 168/239/193 
f 169/240/194 170/241/195 171/242/196 172/243/197 
f 172/243/197 171/242/196 173/244/198 174/245/199 
f 174/245/199 173/244/198 175/246/200 176/247/201 
f 176/247/201 175/246/200 177/248/202 178/249/203 
f 178/249/203 177/248/202 179/250/204 180/251/205 
f 180/251/205 179/250/204 181/252/206 182/253/207 
f 182/253/207 181/252/206 183/254/208 184/255/209 
f 185/256/210 186/257/211 187/258/212 188/259/213 
f 188/259/213 187/258/212 189/260/214 190/261/215 
f 190/261/215 189/260/214 191/262/216 192/263/217 
f 192/263/217 191/262/216 193/264/218 194/265/219 
f 194/265/219 193/264/218 195/266/220 196/267/221 
f 196/267/221 195/266/220 197/268/222 198/269/223 
f 198/269/223 197/268/222 199/270/224 200/271/225 
f 201/272/226 202/273/227 203/274/228 204/275/229 
f 204/275/229 203/274/228 205/276/230 206/277/231 
f 206/277/231 205/276/230 207/278/232 208/279/233 
f 208/279/233 207/278/232 209/280/234 210/281/235 
f 210/282/235 209/283/234 211/284/236 212/285/237 
f 212/285/237 211/284/236 213/286/238 214/287/239 
f 214/287/239 213/286/238 215/288/240 216/289/241 
f 217/290/242 218/291/243 219/292/244 220/293/245 
f 220/293/245 219/292/244 221/294/246 222/295/247 
f 222/295/247 221/294/246 223/296/248 224/297/249 
f 224/297/249 223/296/248 162/233/187 161/232/186 
f 162/233/187 225/298/250 226/299/251 163/234/188 
f 163/234/188 226/299/251 227/300/252 165/236/190 
f 165/236/190 227/300/252 228/301/253 167/238/192 
f 170/241/195 229/302/254 230/303/255 171/242/196 
f 171/242/196 230/303/255 231/304/256 173/244/198 
f 173/244/198 231/304/256 232/305/257 175/246/200 
f 233/306/258 234/307/258 235/308/258 236/309/258 
f 177/248/202 237/310/259 238/311/260 179/250/204 
f 179/250/204 238/311/260 239/312/261 181/252/206 
f 181/252/206 239/312/261 240/313/262 183/254/208 
f 186/257/211 241/314/263 242/315/264 187/258/212 
f 187/258/212 242/315/264 243/316/265 189/260/214 
f 189/260/214 243/316/265 244/317/266 191/262/216 
f 245/318/267 246/319/267 247/320/267 248/321/267 
f 193/264/218 249/322/268 250/323/269 195/266/220 
f 195/266/220 250/323/269 251/324/270 197/268/222 
f 197/268/222 251/324/270 252/325/271 199/270/224 
f 202/273/227 253/326/272 254/327/273 203/274/228 
f 203/274/228 254/327/273 255/328/274 205/276/230 
f 205/276/230 255/328/274 256/329/275 207/278/232 
f 257/330/276 258/331/276 259/332/276 260/333/276 
f 209/283/234 261/334/277 262/335/278 211/284/236 
f 211/284/236 262/335/278 263/336/279 213/286/238 
f 213/286/238 263/336/279 264/337/280 215/288/240 
f 218/291/243 265/338/281 266/339/282 219/292/244 
f 219/292/244 266/339/282 267/340/283 221/294/246 
f 221/294/246 267/340/283 268/341/284 223/296/248 
f 269/342/285 270/343/285 271/344/285 272/345/285 
f 225/298/250 273/346/286 274/347/287 226/299/251 
f 226/299/251 274/347/287 275/348/288 227/300/252 
f 227/300/252 275/348/288 276/349/289 228/301/253 
f 229/302/254 277/350/290 278/351/291 230/303/255 
f 230/303/255 278/351/291 279/352/292 231/304/256 
f 231/304/256 279/352/292 280/353/293 232/305/257 
f 232/305/257 280/353/293 281/354/294 237/310/259 
f 237/310/259 281/354/294 282/355/295 238/311/260 
f 238/311/260 282/355/295 283/356/296 239/312/261 
f 239/312/261 283/356/296 284/357/297 240/313/262 
f 241/314/263 285/358/298 286/359/299 242/315/264 
f 242/315/264 286/359/299 287/360/300 243/316/265 
f 243/316/265 287/360/300 288/361/301 244/317/266 
f 244/317/266 288/361/301 289/362/302 249/322/268 
f 249/322/268 289/362/302 290/363/303 250/323/269 
f 250/323/269 290/363/303 291/364/304 251/324/270 
f 251/324/270 291/364/304 292/365/305 252/325/271 
f 253/326/272 293/366/306 294/367/307 254/327/273 
f 254/327/273 294/367/307 295/368/308 255/328/274 
f 255/328/274 295/368/308 296/369/309 256/329/275 
f 256/329/275 296/369/309 297/370/310 261/371/277 
f 261/334/277 297/372/310 298/373/311 262/335/278 
f 262/335/278 298/373/311 299/374/312 263/336/279 
f 263/336/279 299/374/312 300/375/313 264/337/280 
f 265/338/281 301/376/314 302/377/315 266/339/282 
f 266/339/282 302/377/315 303/378/316 267/340/283 
f 267/340/283 303/378/316 304/379/317 268/341/284 
f 268/341/284 304/379/317 273/346/286 225/298/250 
f 273/346/286 305/380/318 306/381/319 274/347/287 
f 274/347/287 306/381/319 307/382/320 275/348/288 
f 275/348/288 307/382/320 308/383/321 276/349/289 
f 276/349/289 308/383/321 309/384/322 277/350/290 
f 277/350/290 309/384/322 310/385/323 278/351/291 
f 278/351/291 310/385/323 311/386/324 279/352/292 
f 279/352/292 311/386/324 312/387/325 280/353/293 
f 280/353/293 312/387/325 313/388/326 281/354/294 
f 281/354/294 313/388/326 314/389/327 282/355/295 
f 282/355/295 314/389/327 315/390/328 283/356/296 
f 283/356/296 315/390/328 316/391/329 284/357/297 
f 284/357/297 316/391/329 317/392/330 285/358/298 
f 285/358/298 317/392/330 318/393/331 286/359/299 
f 286/359/299 318/393/331 319/394/332 287/360/300 
f 287/360/300 319/394/332 320/395/333 288/361/301 
f 288/361/301 320/395/333 321/396/334 289/362/302 
f 289/362/302 321/396/334 322/397/335 290/363/303 
f 290/363/303 322/397/335 323/398/336 291/364/304 
f 291/364/304 323/398/336 324/399/337 292/365/305 
f 292/365/305 324/399/337 325/400/338 293/366/306 
f 293/366/306 325/400/338 326/401/339 294/367/307 
f 294/367/307 326/401/339 327/402/340 295/368/308 
f 295/368/308 327/402/340 328/403/341 296/369/309 
f 296/369/309 328/403/341 329/404/342 297/370/310 
f 297/372/310 329/405/342 330/406/343 298/373/311 
f 298/373/311 330/406/343 331/407/344 299/374/312 
f 299/374/312 331/407/344 332/408/345 300/375/313 
f 300/375/313 332/408/345 333/409/346 301/376/314 
f 301/376/314 333/409/346 334/410/347 302/377/315 
f 302/377/315 334/410/347 335/411/348 303/378/316 
f 303/378/316 335/411/348 336/412/349 304/379/317 
f 304/379/317 336/412/349 305/380/318 273/346/286 
f 305/380/318 337/413/350 338/414/351 306/381/319 
f 306/381/319 338/414/351 339/415/352 307/382/320 
f 307/382/320 339/415/352 340/416/353 308/383/321 
f 308/383/321 340/416/353 341/417/354 309/384/322 
f 309/384/322 341/417/354 342/418/355 310/385/323 
f 310/385/323 342/418/355 343/419/356 311/386/324 
f 311/386/324 343/419/356 344/420/357 312/387/325 
f 312/387/325 344/420/357 345/421/358 313/388/326 
f 313/388/326 345/421/358 346/422/359 314/389/327 
f 314/389/327 346/422/359 347/423/360 315/390/328 
f 315/390/328 347/423/360 348/424/361 316/391/329 
f 316/391/329 348/424/361 349/425/362 317/392/330 
f 317/392/330 349/425/362 350/426/363 318/393/331 
f 318/393/331 350/426/363 351/427/364 319/394/332 
f 319/394/332 351/427/364 352/428/365 320/395/333 
f 320/395/333 352/428/365 353/429/366 321/396/334 
f 321/396/334 353/429/366 354/430/367 322/397/335 
f 322/397/335 354/430/367 355/431/368 323/398/336 
f 323/398/336 355/431/368 356/432/369 324/399/337 
f 324/399/337 356/432/369 357/433/370 325/400/338 
f 325/400/338 357/433/370 358/434/371 326/401/339 
f 326/401/339 358/434/371 359/435/372 327/402/340 
f 327/402/340 359/435/372 360/436/373 328/403/341 
f 328/403/341 360/436/373 361/437/374 329/404/342 
f 329/405/342 361/438/374 362/439/375 330/406/343 
f 330/406/343 362/439/375 363/440/376 331/407/344 
f 331/407/344 363/440/376 364/441/377 332/408/345 
f 332/408/345 364/441/377 365/442/378 333/409/346 
f 333/409/346 365/442/378 366/443/379 334/410/347 
f 334/410/347 366/443/379 367/444/380 335/411/348 
f 335/411/348 367/444/380 368/445/381 336/412/349 
f 336/412/349 368/445/381 337/413/350 305/380/318 
f 337/413/350 369/446/382 370/447/383 338/414/351 
f 338/414/351 370/447/383 371/448/384 339/415/352 
f 339/415/352 371/448/384 372/449/385 340/416/353 
f 340/416/353 372/449/385 373/450/386 341/417/354 
f 341/417/354 373/450/386 374/451/387 342/418/355 
f 342/418/355 374/451/387 375/452/388 343/419/356 
f 343/419/356 375/452/388 376/453/389 344/420/357 
f 344/420/357 376/453/389 377/454/390 345/421/358 
f 345/421/358 377/454/390 378/455/391 346/422/359 
f 346/422/359 378/455/391 379/456/392 347/423/360 
f 347/423/360 379/456/392 380/457/393 348/424/361 
f 348/424/361 380/457/393 381/458/394 349/425/362 
f 349/425/362 381/458/394 382/459/395 350/426/363 
f 350/426/363 382/459/395 383/460/396 351/427/364 
f 351/427/364 383/460/396 384/461/397 352/428/365 
f 352/428/365 384/461/397 385/462/398 353/429/366 
f 353/429/366 385/462/398 386/463/399 354/430/367 
f 354/430/367 386/463/399 387/464/400 355/431/368 
f 355/431/368 387/464/400 388/465/401 356/432/369 
f 356/432/369 388/465/401 389/466/402 357/433/370 
f 357/433/370 389/466/402 390/467/403 358/434/371 
f 358/434/371 390/467/403 391/468/404 359/435/372 
f 359/435/372 391/468/404 392/469/405 360/436/373 
f 360/436/373 392/469/405 393/470/406 361/437/374 
f 361/438/374 393/471/406 394/472/407 362/439/375 
f 362/439/375 394/472/407 395/473/408 363/440/376 
f 363/440/376 395/473/408 396/474/409 364/441/377 
f 364/441/377 396/474/409 397/475/410 365/442/378 
f 365/442/378 397/475/410 398/476/411 366/443/379 
f 366/443/379 398/476/411 399/477/412 367/444/380 
f 367/444/380 399/477/412 400/478/413 368/445/381 
f 368/445/381 400/478/413 369/446/382 337/413/350 
f 401/479/414 402/480/414 403/481/415 404/482/415 
f 404/482/415 403/481/415 405/483/416 406/484/416 
f 406/484/416 405/483/416 407/485/417 408/486/417 
f 408/486/417 407/485/417 409/487/418 410/488/418 
f 410/488/418 409/487/418 411/489/419 412/490/419 
f 412/490/419 411/489/419 413/491/420 414/492/420 
f 414/492/420 413/491/420 415/493/421 416/494/421 
f 416/494/421 415/493/421 417/495/422 418/496/422 
f 418/496/422 417/495/422 419/497/423 420/498/423 
f 420/498/423 419/497/423 421/499/424 422/500/424 
f 422/500/424 421/499/424 423/501/425 424/502/425 
f 424/502/425 423/501/425 425/503/426 426/504/426 
f 426/504/426 425/503/426 427/505/427 428/506/427 
f 428/506/427 427/505/427 429/507/428 430/508/428 
f 430/508/428 429/507/428 431/509/429 432/510/429 
f 432/510/429 431/509/429 433/511/430 434/512/430 
f 434/512/430 433/511/430 435/513/431 436/514/431 
f 436/514/431 435/513/431 437/515/432 438/516/432 
f 438/516/432 437/515/432 439/517/433 440/518/433 
f 440/518/433 439/517/433 441/519/434 442/520/434 
f 442/520/434 441/519/434 443/521/435 444/522/435 
f 444/522/435 443/521/435 445/523/436 446/524/436 
f 446/524/436 445/523/436 447/525/437 448/526/437 
f 448/526/437 447/525/437 449/527/438 450/528/438 
f 450/529/438 449/530/438 451/531/439 452/532/439 
f 452/532/439 451/531/439 453/533/440 454/534/440 
f 454/534/440 453/533/440 455/535/441 456/536/441 
f 456/536/441 455/535/441 457/537/442 458/538/442 
f 458/538/442 457/537/442 459/539/443 460/540/443 
f 460/540/443 459/539/443 461/541/444 462/542/444 
f 462/542/444 461/541/444 463/543/445 464/544/445 
f 464/544/445 463/543/445 402/480/414 401/479/414 
f 465/545/446 466/546/447 467/547/448 468/548/449 
f 468/548/449 467/547/448 469/549/450 470/550/451 
f 470/550/451 469/549/450 471/551/452 472/552/453 
f 472/552/453 471/551/452 473/553/454 474/554/455 
f 474/554/455 473/553/454 475/555/456 476/556/457 
f 476/556/457 475/555/456 477/557/458 478/558/459 
f 478/558/459 477/557/458 479/559/460 480/560/461 
f 480/560/461 479/559/460 481/561/462 482/562/463 
f 482/562/463 481/561/462 483/563/464 484/564/465 
f 484/564/465 483/563/464 485/565/466 486/566/467 
f 486/566/467 485/565/466 487/567/468 488/568/469 
f 488/568/469 487/567/468 489/569/470 490/570/471 
f 490/570/471 489/569/470 491/571/472 492/572/473 
f 492/572/473 491/571/472 493/573/474 494/574/475 
f 494/574/475 493/573/474 495/575/476 496/576/477 
f 496/576/477 495/575/476 497/577/478 498/578/479 
f 498/578/479 497/577/478 499/579/480 500/580/481 
f 500/580/481 499/579/480 501/581/482 502/582/483 
f 502/582/483 501/581/482 503/583/484 504/584/485 
f 504/584/485 503/583/484 505/585/486 506/586/487 
f 506/586/487 505/585/486 507/587/488 508/588/489 
f 508/588/489 507/587/488 509/589/490 510/590/491 
f 510/590/491 509/589/490 511/591/492 512/592/493 
f 512/592/493 511/591/492 513/593/494 514/594/495 
f 514/594/495 513/593/494 515/595/496 516/596/497 
f 516/596/497 515/595/496 517/597/498 518/598/499 
f 518/598/499 517/597/498 519/599/500 520/600/501 
f 520/600/501 519/599/500 521/601/502 522/602/503 
f 522/602/503 521/601/502 523/603/504 524/604/505 
f 524/604/505 523/603/504 525/605/506 526/606/507 
f 526/606/507 525/605/506 527/607/508 528/608/509 
f 528/608/509 527/607/508 466/546/447 465/545/446 
f 466/546/447 529/609/510 530/610/511 467/547/448 
f 467/547/448 530/610/511 531/611/512 469/549/450 
f 469/549/450 531/611/512 532/612/513 471/551/452 
f 471/551/452 532/612/513 533/613/514 473/553/454 
f 473/553/454 533/613/514 534/614/515 475/555/456 
f 475/555/456 534/614/515 535/615/516 477/557/458 
f 477/557/458 535/615/516 536/616/517 479/559/460 
f 479/559/460 536/616/517 537/617/518 481/561/462 
f 481/561/462 537/617/518 538/618/519 483/563/464 
f 483/563/464 538/618/519 539/619/520 485/565/466 
f 485/565/466 539/619/520 540/620/521 487/567/468 
f 487/567/468 540/620/521 541/621/522 489/569/470 
f 489/569/470 541/621/522 542/622/523 491/571/472 
f 491/571/472 542/622/523 543/623/524 493/573/474 
f 493/573/474 543/623/524 544/624/525 495/575/476 
f 495/575/476 544/624/525 545/625/526 497/577/478 
f 497/577/478 545/625/526 546/626/527 499/579/480 
f 499/579/480 546/626/527 547/627/528 501/581/482 
f 501/581/482 547/627/528 548/628/529 503/583/484 
f 503/583/484 548/628/529 549/629/530 505/585/486 
f 505/585/486 549/629/530 550/630/531 507/587/488 
f 507/587/488 550/630/531 551/631/532 509/589/490 
f 509/589/490 551/631/532 552/632/533 511/591/492 
f 511/591/492 552/632/533 553/633/534 513/593/494 
f 513/593/494 553/633/534 554/634/535 515/595/496 
f 515/595/496 554/634/535 555/635/536 517/597/498 
f 517/597/498 555/635/536 556/636/537 519/599/500 
f 519/599/500 556/636/537 557/637/538 521/601/502 
f 521/601/502 557/637/538 558/638/539 523/603/504 
f 523/603/504 558/638/539 559/639/540 525/605/506 
f 525/605/506 559/639/540 560/640/541 527/607/508 
f 527/607/508 560/640/541 529/609/510 466/546/447 
f 529/609/510 561/641/542 562/642/543 530/610/511 
f 530/610/511 562/642/543 563/643/544 531/611/512 
f 531/611/512 563/643/544 564/644/545 532/612/513 
f 532/612/513 564/644/545 565/645/546 533/613/514 
f 533/613/514 565/645/546 566/646/547 534/614/515 
f 534/614/515 566/646/547 567/647/548 535/615/516 
f 535/615/516 567/647/548 568/648/549 536/616/517 
f 536/616/517 568/648/549 569/649/550 537/617/518 
f 537/617/518 569/649/550 570/650/551 538/618/519 
f 538/618/519 570/650/551 571/651/552 539/619/520 
f 539/619/520 571/651/552 572/652/553 540/620/521 
f 540/620/521 572/652/553 573/653/554 541/621/522 
f 541/621/522 573/653/554 574/654/555 542/622/523 
f 542/622/523 574/654/555 575/655/556 543/623/524 
f 543/623/524 575/655/556 576/656/557 544/624/525 
f 544/624/525 576/656/557 577/657/558 545/625/526 
f 545/625/526 577/657/558 578/658/559 546/626/527 
f 546/626/527 578/658/559 579/659/560 547/627/528 
f 547/627/528 579/659/560 580/660/561 548/628/529 
f 548/628/529 580/660/561 581/661/562 549/629/530 
f 549/629/530 581/661/562 582/662/563 550/630/531 
f 550/630/531 582/662/563 583/663/564 551/631/532 
f 551/631/532 583/663/564 584/664/565 552/632/533 
f 552/632/533 584/664/565 585/665/566 553/633/534 
f 553/633/534 585/665/566 586/666/567 554/634/535 
f 554/634/535 586/666/567 587/667/568 555/635/536 
f 555/635/536 587/667/568 588/668/569 556/636/537 
f 556/636/537 588/668/569 589/669/570 557/637/538 
f 557/637/538 589/669/570 590/670/571 558/638/539 
f 558/638/539 590/670/571 591/671/572 559/639/540 
f 559/639/540 591/671/572 592/672/573 560/640/541 
f 560/640/541 592/672/573 561/641/542 529/609/510 
f 593/673/574 562/642/543 561/641/542 
f 593/673/574 563/643/544 562/642/543 
f 593/673/574 564/644/545 563/643/544 
f 593/673/574 565/645/546 564/644/545 
f 593/673/574 566/646/547 565/645/546 
f 593/673/574 567/647/548 566/646/547 
f 593/673/574 568/648/549 567/647/548 
f 593/673/574 569/649/550 568/648/549 
f 593/673/574 570/650/551 569/649/550 
f 593/673/574 571/651/552 570/650/551 
f 593/673/574 572/652/553 571/651/552 
f 593/673/574 573/653/554 572/652/553 
f 593/673/574 574/654/555 573/653/554 
f 593/673/574 575/655/556 574/654/555 
f 593/673/574 576/656/557 575/655/556 
f 593/673/574 577/657/558 576/656/557 
f 593/673/574 578/658/559 577/657/558 
f 593/673/574 579/659/560 578/658/559 
f 593/673/574 580/660/561 579/659/560 
f 593/673/574 581/661/562 580/660/561 
f 593/673/574 582/662/563 581/661/562 
f 593/673/574 583/663/564 582/662/563 
f 593/673/574 584/664/565 583/663/564 
f 593/673/574 585/665/566 584/664/565 
f 593/673/574 586/666/567 585/665/566 
f 593/673/574 587/667/568 586/666/567 
f 593/673/574 588/668/569 587/667/568 
f 593/673/574 589/669/570 588/668/569 
f 593/673/574 590/670/571 589/669/570 
f 593/673/574 591/671/572 590/670/571 
f 593/673/574 592/672/573 591/671/572 
f 593/673/574 561/641/542 592/672/573 
s off
f 161/674/575 164/675/575 594/676/575 
f 164/675/575 166/677/575 594/676/575 
f 166/677/575 168/678/575 594/676/575 
f 168/678/575 169/679/575 594/676/575 
f 169/679/575 172/680/575 594/676/575 
f 172/680/575 174/681/575 594/676/575 
f 174/681/575 176/682/575 594/676/575 
f 176/682/575 178/683/575 594/676/575 
f 178/683/576 180/684/576 594/676/576 
f 180/684/576 182/685/576 594/676/576 
f 182/685/576 184/686/576 594/676/576 
f 184/686/576 185/687/576 594/676/576 
f 185/687/576 188/688/576 594/676/576 
f 188/688/576 190/689/576 594/676/576 
f 190/689/576 192/690/576 594/676/576 
f 192/690/576 194/691/576 594/676/576 
f 194/691/577 196/692/577 594/676/577 
f 196/692/577 198/693/577 594/676/577 
f 198/693/577 200/694/577 594/676/577 
f 200/694/577 201/695/577 594/676/577 
f 201/695/577 204/696/577 594/676/577 
f 204/696/577 206/697/577 594/676/577 
f 206/697/577 208/698/577 594/676/577 
f 208/698/578 210/699/578 594/676/578 
f 210/699/578 212/700/578 594/676/578 
f 212/700/578 214/701/578 594/676/578 
f 214/701/578 216/702/578 594/676/578 
f 216/702/578 217/703/578 594/676/578 
f 217/703/578 220/704/578 594/676/578 
f 220/704/578 222/705/578 594/676/578 
f 222/705/578 224/706/578 594/676/578 
f 224/706/578 161/674/578 594/676/578 
f 177/248/579 175/246/579 233/306/579 236/309/579 
f 175/246/580 232/305/580 234/307/580 233/306/580 
f 232/305/581 237/310/581 235/308/581 234/307/581 
f 237/310/582 177/248/582 236/309/582 235/308/582 
f 193/264/583 191/262/583 245/318/583 248/321/583 
f 191/262/584 244/317/584 246/319/584 245/318/584 
f 244/317/585 249/322/585 247/320/585 246/319/585 
f 249/322/586 193/264/586 248/321/586 247/320/586 
f 209/280/587 207/278/587 257/330/587 260/707/587 
f 207/278/588 256/329/588 258/331/588 257/330/588 
f 256/329/589 261/708/589 259/332/589 258/331/589 
f 261/708/590 209/709/590 260/333/590 259/332/590 
f 162/233/591 223/296/591 269/342/591 272/345/591 
f 223/296/592 268/341/592 270/343/592 269/342/592 
f 268/341/593 225/298/593 271/344/593 270/343/593 
f 225/298/594 162/233/594 272/345/594 271/344/594 
f 169/710/595 168/711/595 595/712/595 
f 168/713/596 167/714/596 596/715/596 595/716/596 
f 167/714/597 228/717/597 597/718/597 596/715/597 
f 228/717/598 276/719/598 598/720/598 597/718/598 
f 276/721/599 277/722/599 598/723/599 
f 277/724/600 229/725/600 597/726/600 598/727/600 
f 229/725/601 170/728/601 596/729/601 597/726/601 
f 170/728/602 169/730/602 595/731/602 596/729/602 
f 185/732/603 184/733/603 599/734/603 
f 184/735/604 183/736/604 600/737/604 599/738/604 
f 183/736/605 240/739/605 601/740/605 600/737/605 
f 240/739/606 284/741/606 602/742/606 601/740/606 
f 284/743/607 285/744/607 602/745/607 
f 285/746/608 241/747/608 601/748/608 602/749/608 
f 241/747/609 186/750/609 600/751/609 601/748/609 
f 186/750/610 185/752/610 599/753/610 600/751/610 
f 201/754/611 200/755/611 603/756/611 
f 200/757/612 199/758/612 604/759/612 603/760/612 
f 199/758/613 252/761/613 605/762/613 604/759/613 
f 252/761/614 292/763/614 606/764/614 605/762/614 
f 292/765/615 293/766/615 606/767/615 
f 293/768/616 253/769/616 605/770/616 606/771/616 
f 253/769/617 202/772/617 604/773/617 605/770/617 
f 202/772/618 201/774/618 603/775/618 604/773/618 
f 217/776/619 216/777/619 607/778/619 
f 216/779/620 215/780/620 608/781/620 607/782/620 
f 215/780/621 264/783/621 609/784/621 608/781/621 
f 264/783/622 300/785/622 610/786/622 609/784/622 
f 300/787/623 301/788/623 610/789/623 
f 301/790/624 265/791/624 609/792/624 610/793/624 
f 265/791/625 218/794/625 608/795/625 609/792/625 
f 218/794/626 217/796/626 607/797/626 608/795/626 
f 370/798/627 369/799/627 401/479/627 404/482/627 
f 369/799/628 400/800/628 464/544/628 401/479/628 
f 400/800/629 399/801/629 462/542/629 464/544/629 
f 399/801/630 398/802/630 460/540/630 462/542/630 
f 398/802/631 397/803/631 458/538/631 460/540/631 
f 397/803/632 396/804/632 456/536/632 458/538/632 
f 396/804/633 395/805/633 454/534/633 456/536/633 
f 395/805/634 394/806/634 452/532/634 454/534/634 
f 394/806/635 393/807/635 450/529/635 452/532/635 
f 393/808/636 392/809/636 448/526/636 450/528/636 
f 392/809/637 391/810/637 446/524/637 448/526/637 
f 391/810/638 390/811/638 444/522/638 446/524/638 
f 390/811/639 389/812/639 442/520/639 444/522/639 
f 389/812/640 388/813/640 440/518/640 442/520/640 
f 388/813/641 387/814/641 438/516/641 440/518/641 
f 387/814/642 386/815/642 436/514/642 438/516/642 
f 386/815/643 385/816/643 434/512/643 436/514/643 
f 385/816/644 384/817/644 432/510/644 434/512/644 
f 384/817/645 383/818/645 430/508/645 432/510/645 
f 383/818/646 382/819/646 428/506/646 430/508/646 
f 382/819/647 381/820/647 426/504/647 428/506/647 
f 381/820/648 380/821/648 424/502/648 426/504/648 
f 380/821/649 379/822/649 422/500/649 424/502/649 
f 379/822/650 378/823/650 420/498/650 422/500/650 
f 378/823/651 377/824/651 418/496/651 420/498/651 
f 377/824/652 376/825/652 416/494/652 418/496/652 
f 376/825/653 375/826/653 414/492/653 416/494/653 
f 375/826/654 374/827/654 412/490/654 414/492/654 
f 374/827/655 373/828/655 410/488/655 412/490/655 
f 373/828/656 372/829/656 408/486/656 410/488/656 
f 372/829/657 371/830/657 406/484/657 408/486/657 
f 371/830/658 370/798/658 404/482/658 406/484/658 
f 611/831/659 612/832/659 403/481/659 402/480/659 
f 612/832/660 613/833/660 405/483/660 403/481/660 
f 613/833/661 614/834/661 407/485/661 405/483/661 
f 614/834/662 615/835/662 409/487/662 407/485/662 
f 615/835/663 616/836/663 411/489/663 409/487/663 
f 616/836/664 617/837/664 413/491/664 411/489/664 
f 617/837/665 618/838/665 415/493/665 413/491/665 
f 618/838/666 619/839/666 417/495/666 415/493/666 
f 619/839/667 620/840/667 419/497/667 417/495/667 
f 620/840/668 621/841/668 421/499/668 419/497/668 
f 621/841/669 622/842/669 423/501/669 421/499/669 
f 622/842/670 623/843/670 425/503/670 423/501/670 
f 623/843/671 624/844/671 427/505/671 425/503/671 
f 624/844/672 625/845/672 429/507/672 427/505/672 
f 625/845/673 626/846/673 431/509/673 429/507/673 
f 626/846/674 627/847/674 433/511/674 431/509/674 
f 627/847/675 628/848/675 435/513/675 433/511/675 
f 628/848/676 629/849/676 437/515/676 435/513/676 
f 629/849/677 630/850/677 439/517/677 437/515/677 
f 630/850/678 631/851/678 441/519/678 439/517/678 
f 631/851/679 632/852/679 443/521/679 441/519/679 
f 632/852/680 633/853/680 445/523/680 443/521/680 
f 633/853/681 634/854/681 447/525/681 445/523/681 
f 634/854/682 635/855/682 449/527/682 447/525/682 
f 635/856/683 636/857/683 451/531/683 449/530/683 
f 636/857/684 637/858/684 453/533/684 451/531/684 
f 637/858/685 638/859/685 455/535/685 453/533/685 
f 638/859/686 639/860/686 457/537/686 455/535/686 
f 639/860/687 640/861/687 459/539/687 457/537/687 
f 640/861/688 641/862/688 461/541/688 459/539/688 
f 641/862/689 642/863/689 463/543/689 461/541/689 
f 642/863/690 611/831/690 402/480/690 463/543/690 
s 1
f 643/864/577 644/865/691 645/866/692 
f 643/864/577 645/866/692 646/867/693 
f 643/864/577 646/867/693 647/868/694 
f 643/864/577 647/868/694 648/869/695 
f 643/864/577 648/869/695 649/870/696 
f 643/864/577 649/870/696 650/871/697 
f 643/864/577 650/871/697 651/872/698 
f 643/864/577 651/872/698 652/873/699 
f 643/864/577 652/873/699 653/874/700 
f 643/864/577 653/874/700 654/875/701 
f 643/864/577 654/875/701 655/876/702 
f 643/864/577 655/876/702 656/877/703 
f 643/864/577 656/877/703 657/878/704 
f 643/864/577 657/878/704 658/879/705 
f 643/864/577 658/879/705 659/880/706 
f 643/864/577 659/880/706 660/881/707 
f 643/864/577 660/881/707 661/882/708 
f 643/864/577 661/882/708 662/883/709 
f 643/864/577 662/883/709 663/884/710 
f 643/864/577 663/884/710 664/885/711 
f 643/864/577 664/885/711 665/886/712 
f 643/864/577 665/886/712 666/887/713 
f 643/864/577 666/887/713 667/888/714 
f 643/864/577 667/888/714 668/889/715 
f 643/864/577 668/889/715 669/890/716 
f 643/864/577 669/890/716 670/891/717 
f 643/864/577 670/891/717 671/892/718 
f 643/864/577 671/892/718 672/893/719 
f 643/864/577 672/893/719 673/894/720 
f 643/864/577 673/894/720 674/895/721 
f 643/864/577 674/895/721 675/896/722 
f 643/864/577 675/896/722 644/865/691 
f 644/865/691 676/897/723 677/898/724 645/866/692 
f 645/866/692 677/898/724 678/899/725 646/867/693 
f 646/867/693 678/899/725 679/900/726 647/868/694 
f 647/868/694 679/900/726 680/901/727 648/869/695 
f 648/869/695 680/901/727 681/902/728 649/870/696 
f 649/870/696 681/902/728 682/903/729 650/871/697 
f 650/871/697 682/903/729 683/904/730 651/872/698 
f 651/872/698 683/904/730 684/905/731 652/873/699 
f 652/873/699 684/905/731 685/906/732 653/874/700 
f 653/874/700 685/906/732 686/907/733 654/875/701 
f 654/875/701 686/907/733 687/908/734 655/876/702 
f 655/876/702 687/908/734 688/909/735 656/877/703 
f 656/877/703 688/909/735 689/910/736 657/878/704 
f 657/878/704 689/910/736 690/911/737 658/879/705 
f 658/879/705 690/911/737 691/912/738 659/880/706 
f 659/880/706 691/912/738 692/913/739 660/881/707 
f 660/881/707 692/913/739 693/914/740 661/882/708 
f 661/882/708 693/914/740 694/915/741 662/883/709 
f 662/883/709 694/915/741 695/916/742 663/884/710 
f 663/884/710 695/916/742 696/917/743 664/885/711 
f 664/885/711 696/917/743 697/918/744 665/886/712 
f 665/886/712 697/918/744 698/919/745 666/887/713 
f 666/887/713 698/919/745 699/920/746 667/888/714 
f 667/888/714 699/920/746 700/921/747 668/889/715 
f 668/889/715 700/921/747 701/922/748 669/890/716 
f 669/890/716 701/922/748 702/923/749 670/891/717 
f 670/891/717 702/923/749 703/924/750 671/892/718 
f 671/892/718 703/924/750 704/925/751 672/893/719 
f 672/893/719 704/925/751 705/926/752 673/894/720 
f 673/894/720 705/926/752 706/927/753 674/895/721 
f 674/895/721 706/927/753 707/928/754 675/896/722 
f 675/896/722 707/928/754 676/897/723 644/865/691 
f 676/897/723 708/929/755 709/930/756 677/898/724 
f 677/898/724 709/930/756 710/931/757 678/899/725 
f 678/899/725 710/931/757 711/932/758 679/900/726 
f 679/900/726 711/932/758 712/933/759 680/901/727 
f 680/901/727 712/933/759 713/934/760 681/902/728 
f 681/902/728 713/934/760 714/935/761 682/903/729 
f 682/903/729 714/935/761 715/936/762 683/904/730 
f 683/904/730 715/936/762 716/937/763 684/905/731 
f 684/905/731 716/937/763 717/938/764 685/906/732 
f 685/906/732 717/938/764 718/939/765 686/907/733 
f 686/907/733 718/939/765 719/940/766 687/908/734 
f 687/908/734 719/940/766 720/941/767 688/909/735 
f 688/909/735 720/941/767 721/942/768 689/910/736 
f 689/910/736 721/942/768 722/943/769 690/911/737 
f 690/911/737 722/943/769 723/944/770 691/912/738 
f 691/912/738 723/944/770 724/945/771 692/913/739 
f 692/913/739 724/945/771 725/946/772 693/914/740 
f 693/914/740 725/946/772 726/947/773 694/915/741 
f 694/915/741 726/947/773 727/948/774 695/916/742 
f 695/916/742 727/948/774 728/949/775 696/917/743 
f 696/917/743 728/949/775 729/950/776 697/918/744 
f 697/918/744 729/950/776 730/951/777 698/919/745 
f 698/919/745 730/951/777 731/952/778 699/920/746 
f 699/920/746 731/952/778 732/953/779 700/921/747 
f 700/921/747 732/953/779 733/954/780 701/922/748 
f 701/922/748 733/954/780 734/955/781 702/923/749 
f 702/923/749 734/955/781 735/956/782 703/924/750 
f 703/924/750 735/956/782 736/957/783 704/925/751 
f 704/925/751 736/957/783 737/958/784 705/926/752 
f 705/926/752 737/958/784 738/959/785 706/927/753 
f 706/927/753 738/959/785 739/960/786 707/928/754 
f 707/928/754 739/960/786 708/929/755 676/897/723 
f 708/929/755 740/961/787 741/962/788 709/930/756 
f 709/930/756 741/962/788 742/963/789 710/931/757 
f 710/931/757 742/963/789 743/964/790 711/932/758 
f 711/932/758 743/964/790 744/965/791 712/933/759 
f 712/933/759 744/965/791 745/966/792 713/934/760 
f 713/934/760 745/966/792 746/967/793 714/935/761 
f 714/935/761 746/967/793 747/968/794 715/936/762 
f 715/936/762 747/968/794 748/969/795 716/937/763 
f 716/937/763 748/969/795 749/970/796 717/938/764 
f 717/938/764 749/970/796 750/971/797 718/939/765 
f 718/939/765 750/971/797 751/972/798 719/940/766 
f 719/940/766 751/972/798 752/973/799 720/941/767 
f 720/941/767 752/973/799 753/974/800 721/942/768 
f 721/942/768 753/974/800 754/975/801 722/943/769 
f 722/943/769 754/975/801 755/976/802 723/944/770 
f 723/944/770 755/976/802 756/977/803 724/945/771 
f 724/945/771 756/977/803 757/978/804 725/946/772 
f 725/946/772 757/978/804 758/979/805 726/947/773 
f 726/947/773 758/979/805 759/980/806 727/948/774 
f 727/948/774 759/980/806 760/981/807 728/949/775 
f 728/949/775 760/981/807 761/982/808 729/950/776 
f 729/950/776 761/982/808 762/983/809 730/951/777 
f 730/951/777 762/983/809 763/984/810 731/952/778 
f 731/952/778 763/984/810 764/985/811 732/953/779 
f 732/953/779 764/985/811 765/986/812 733/954/780 
f 733/954/780 765/986/812 766/987/813 734/955/781 
f 734/955/781 766/987/813 767/988/814 735/956/782 
f 735/956/782 767/988/814 768/989/815 736/957/783 
f 736/957/783 768/989/815 769/990/816 737/958/784 
f 737/958/784 769/990/816 770/991/817 738/959/785 
f 738/959/785 770/991/817 771/992/818 739/960/786 
f 739/960/786 771/992/818 740/961/787 708/929/755 
f 740/961/787 772/993/819 773/994/820 741/962/788 
f 741/962/788 773/994/820 774/995/821 742/963/789 
f 742/963/789 774/995/821 775/996/822 743/964/790 
f 743/964/790 775/996/822 776/997/823 744/965/791 
f 744/965/791 776/997/823 777/998/824 745/966/792 
f 745/966/792 777/998/824 778/999/825 746/967/793 
f 746/967/793 778/999/825 779/1000/826 747/968/794 
f 747/968/794 779/1000/826 780/1001/827 748/969/795 
f 748/969/795 780/1001/827 781/1002/828 749/970/796 
f 749/970/796 781/1002/828 782/1003/829 750/971/797 
f 750/971/797 782/1003/829 783/1004/830 751/972/798 
f 751/972/798 783/1004/830 784/1005/831 752/973/799 
f 752/973/799 784/1005/831 785/1006/832 753/974/800 
f 753/974/800 785/1006/832 786/1007/833 754/975/801 
f 754/975/801 786/1007/833 787/1008/834 755/976/802 
f 755/976/802 787/1008/834 788/1009/835 756/977/803 
f 756/977/803 788/1009/835 789/1010/836 757/978/804 
f 757/978/804 789/1010/836 790/1011/837 758/979/805 
f 758/979/805 790/1011/837 791/1012/838 759/980/806 
f 759/980/806 791/1012/838 792/1013/839 760/981/807 
f 760/981/807 792/1013/839 793/1014/840 761/982/808 
f 761/982/808 793/1014/840 794/1015/841 762/983/809 
f 762/983/809 794/1015/841 795/1016/842 763/984/810 
f 763/984/810 795/1016/842 796/1017/843 764/985/811 
f 764/985/811 796/1017/843 797/1018/844 765/986/812 
f 765/986/812 797/1018/844 798/1019/845 766/987/813 
f 766/987/813 798/1019/845 799/1020/846 767/988/814 
f 767/988/814 799/1020/846 800/1021/847 768/989/815 
f 768/989/815 800/1021/847 801/1022/848 769/990/816 
f 769/990/816 801/1022/848 802/1023/849 770/991/817 
f 770/991/817 802/1023/849 803/1024/850 771/992/818 
f 771/992/818 803/1024/850 772/993/819 740/961/787 
s off
f 773/994/851 772/993/851 804/993/851 805/994/851 
f 774/995/852 773/994/852 805/994/852 806/995/852 
f 775/996/853 774/995/853 806/995/853 807/996/853 
f 776/997/854 775/996/854 807/996/854 808/997/854 
f 777/998/855 776/997/855 808/997/855 809/998/855 
f 778/999/856 777/998/856 809/998/856 810/999/856 
f 779/1000/857 778/999/857 810/999/857 811/1000/857 
f 780/1001/858 779/1000/858 811/1000/858 812/1001/858 
f 781/1002/859 780/1001/859 812/1001/859 813/1002/859 
f 782/1003/860 781/1002/860 813/1002/860 814/1003/860 
f 783/1004/861 782/1003/861 814/1003/861 815/1004/861 
f 784/1005/862 783/1004/862 815/1004/862 816/1005/862 
f 785/1006/863 784/1005/863 816/1005/863 817/1006/863 
f 786/1007/864 785/1006/864 817/1006/864 818/1007/864 
f 787/1008/865 786/1007/865 818/1007/865 819/1008/865 
f 788/1025/866 787/1026/866 819/1026/866 820/1025/866 
f 789/1027/867 788/1025/867 820/1025/867 821/1027/867 
f 790/1028/868 789/1029/868 821/1029/868 822/1028/868 
f 791/1030/869 790/1031/869 822/1031/869 823/1030/869 
f 792/1032/870 791/1030/870 823/1030/870 824/1032/870 
f 793/1033/871 792/1032/871 824/1032/871 825/1033/871 
f 794/1034/872 793/1033/872 825/1033/872 826/1034/872 
f 795/1035/873 794/1034/873 826/1034/873 827/1035/873 
f 796/1036/874 795/1035/874 827/1035/874 828/1036/874 
f 797/1037/875 796/1036/875 828/1036/875 829/1037/875 
f 798/1038/876 797/1037/876 829/1037/876 830/1038/876 
f 799/1039/877 798/1038/877 830/1038/877 831/1039/877 
f 800/1040/878 799/1039/878 831/1039/878 832/1040/878 
f 801/1041/879 800/1040/879 832/1040/879 833/1041/879 
f 802/1042/880 801/1041/880 833/1041/880 834/1042/880 
f 803/1024/881 802/1023/881 834/1023/881 835/1024/881 
f 772/993/882 803/1024/882 835/1024/882 804/993/882 
# 732 polygons - 104 triangles

